id,name,surname,email,gender,department
1,Nathanial,Pietrowski,npietrowski0@bloglovin.com,Female,Accounting
2,Dawna,Kertess,dkertess1@sphinn.com,Female,Sales
3,Silvia,Treswell,streswell2@odnoklassniki.ru,Male,Sales
4,Helena,Durrant,hdurrant3@sogou.com,Male,Research and Development
5,Tom,Collin,tcollin4@usa.gov,Female,Sales
6,Myer,Cowen,mcowen5@freewebs.com,Male,Marketing
7,Gregg,Hassewell,ghassewell6@behance.net,Female,Sales
8,Keen,De Mitris,kdemitris7@storify.com,Female,Accounting
9,Franciska,Coulson,fcoulson8@earthlink.net,Male,Product Management
10,Charissa,Python,cpython9@mozilla.com,Male,Product Management
11,Aron,Ellaman,aellamana@mashable.com,Male,Legal
12,Boycey,Doctor,bdoctorb@bandcamp.com,Male,Product Management
13,Ellen,Bullene,ebullenec@disqus.com,Male,Marketing
14,Feliza,Bundock,fbundockd@digg.com,Male,Services
15,Woody,Steynor,wsteynore@rambler.ru,Female,Product Management
16,Caz,Barthrup,cbarthrupf@cbc.ca,Male,Accounting
17,Shawn,Bowcher,sbowcherg@elegantthemes.com,Male,Engineering
18,Andi,Brixey,abrixeyh@163.com,Male,Business Development
19,Normand,Clouston,ncloustoni@blog.com,Female,Product Management
20,Dallon,Megany,dmeganyj@vk.com,Female,Training
21,Gertruda,Elgood,gelgoodk@lycos.com,Male,Marketing
22,Debby,Olliver,dolliverl@naver.com,Female,Legal
23,Aundrea,Chedgey,achedgeym@taobao.com,Male,Research and Development
24,Alasdair,Schroder,aschrodern@illinois.edu,Female,Marketing
25,Clevie,Broadnicke,cbroadnickeo@imdb.com,Male,Accounting
26,Ede,Helder,ehelderp@pinterest.com,Female,Engineering
27,Lianna,Scoterbosh,lscoterboshq@booking.com,Female,Engineering
28,Demetre,Skerrett,dskerrettr@ameblo.jp,Female,Services
29,Nelia,Conyard,nconyards@google.com.au,Female,Services
30,Aguistin,Hail,ahailt@ustream.tv,Female,Services
31,Ula,Ostridge,uostridgeu@theatlantic.com,Male,Product Management
32,Germaine,McElhargy,gmcelhargyv@apache.org,Female,Marketing
33,Gina,Dawkes,gdawkesw@edublogs.org,Male,Support
34,Jarrid,Blaney,jblaneyx@archive.org,Male,Business Development
35,Carol,Brougham,cbroughamy@imageshack.us,Male,Marketing
36,Betsey,Craster,bcrasterz@fastcompany.com,Male,Services
37,Bridie,Bernhart,bbernhart10@nhs.uk,Male,Sales
38,Justina,Licciardiello,jlicciardiello11@princeton.edu,Male,Human Resources
39,Libbey,Showers,lshowers12@diigo.com,Female,Research and Development
40,King,Upshall,kupshall13@comsenz.com,Female,Support
41,Marjory,Batterson,mbatterson14@ca.gov,Female,Engineering
42,Jerrine,Gilchrest,jgilchrest15@omniture.com,Female,Services
43,Quent,Balston,qbalston16@edublogs.org,Female,Accounting
44,Kip,Jimson,kjimson17@ustream.tv,Female,Engineering
45,Fernandina,Diviny,fdiviny18@pinterest.com,Male,Research and Development
46,Hayden,Ettridge,hettridge19@vistaprint.com,Male,Human Resources
47,Ike,Bowlands,ibowlands1a@com.com,Male,Services
48,Bamby,Fitzsymons,bfitzsymons1b@economist.com,Female,Product Management
49,Randi,Jachimiak,rjachimiak1c@japanpost.jp,Female,Support
50,Tynan,Dauber,tdauber1d@accuweather.com,Female,Research and Development
51,Noll,Blankett,nblankett1e@slideshare.net,Male,Sales
52,Flora,Jagson,fjagson1f@imageshack.us,Male,Human Resources
53,Arly,McQuirk,amcquirk1g@businessweek.com,Female,Sales
54,Moses,Sollon,msollon1h@barnesandnoble.com,Female,Support
55,Kalie,Fantone,kfantone1i@issuu.com,Male,Product Management
56,Dante,Mickleburgh,dmickleburgh1j@paginegialle.it,Male,Training
57,Billy,Bergstrand,bbergstrand1k@flavors.me,Female,Engineering
58,Lynnelle,Scarlon,lscarlon1l@bigcartel.com,Male,Legal
59,Harcourt,Farrand,hfarrand1m@jiathis.com,Male,Services
60,Mandie,Sprulls,msprulls1n@vk.com,Male,Accounting
61,Alyosha,Minette,aminette1o@smugmug.com,Male,Accounting
62,Baron,Childrens,bchildrens1p@is.gd,Male,Marketing
63,Cecile,Leverich,cleverich1q@sciencedaily.com,Female,Sales
64,Judah,Jewar,jjewar1r@google.nl,Female,Marketing
65,Jaquelyn,Gillum,jgillum1s@fastcompany.com,Female,Accounting
66,Evan,Brithman,ebrithman1t@lulu.com,Male,Business Development
67,Beverlie,Crane,bcrane1u@wordpress.org,Female,Product Management
68,Tate,Canon,tcanon1v@i2i.jp,Male,Support
69,Humfrey,Suddell,hsuddell1w@clickbank.net,Female,Business Development
70,Vinnie,Beahan,vbeahan1x@ameblo.jp,Female,Human Resources
71,Tye,Cadigan,tcadigan1y@de.vu,Male,Services
72,Luise,Grimsdike,lgrimsdike1z@tamu.edu,Male,Marketing
73,Sile,Spoure,sspoure20@blogger.com,Male,Human Resources
74,Lin,Slator,lslator21@cbc.ca,Female,Training
75,Shawna,McGarrie,smcgarrie22@intel.com,Female,Human Resources
76,Thomasine,Kuhlmey,tkuhlmey23@mit.edu,Male,Sales
77,Hartwell,Tovey,htovey24@360.cn,Female,Marketing
78,Anton,McCutcheon,amccutcheon25@indiatimes.com,Male,Product Management
79,Felisha,Kalkofen,fkalkofen26@bloomberg.com,Female,Human Resources
80,Gill,Mallaby,gmallaby27@apple.com,Male,Services
81,Moreen,Osgordby,mosgordby28@plala.or.jp,Male,Training
82,Atlante,Maccree,amaccree29@goodreads.com,Female,Human Resources
83,Mason,Rivard,mrivard2a@pen.io,Female,Training
84,Loren,Rapi,lrapi2b@ucla.edu,Female,Engineering
85,Effie,Gulland,egulland2c@cafepress.com,Male,Business Development
86,Margarete,Huggens,mhuggens2d@berkeley.edu,Female,Sales
87,Gideon,Dunsleve,gdunsleve2e@feedburner.com,Male,Marketing
88,Mickie,Noller,mnoller2f@miitbeian.gov.cn,Male,Accounting
89,Gerda,Erangey,gerangey2g@etsy.com,Male,Training
90,Nelia,Marchington,nmarchington2h@simplemachines.org,Female,Research and Development
91,Hiram,Anthona,hanthona2i@simplemachines.org,Female,Product Management
92,Etty,Verny,everny2j@lulu.com,Male,Support
93,Barde,MacShirrie,bmacshirrie2k@example.com,Female,Research and Development
94,Sal,Bethell,sbethell2l@washingtonpost.com,Male,Sales
95,Robby,Seale,rseale2m@latimes.com,Male,Research and Development
96,Humfrid,Sparshett,hsparshett2n@webnode.com,Female,Research and Development
97,Verla,Huckerbe,vhuckerbe2o@lycos.com,Female,Legal
98,Urban,Millican,umillican2p@hud.gov,Male,Accounting
99,Olav,Igo,oigo2q@quantcast.com,Female,Human Resources
100,Suellen,Obbard,sobbard2r@studiopress.com,Female,Support
101,Andrea,Hallor,ahallor2s@blogger.com,Male,Services
102,Jack,Scattergood,jscattergood2t@google.co.jp,Female,Research and Development
103,Cletus,Lancett,clancett2u@phpbb.com,Male,Human Resources
104,Sholom,Oiller,soiller2v@mozilla.org,Male,Engineering
105,Gwenni,Harnor,gharnor2w@nationalgeographic.com,Male,Product Management
106,Amanda,Brogden,abrogden2x@360.cn,Male,Marketing
107,Cordie,Pullman,cpullman2y@mozilla.org,Male,Marketing
108,Rebeca,Fintoph,rfintoph2z@hao123.com,Male,Sales
109,Charlie,Berth,cberth30@themeforest.net,Female,Human Resources
110,Moses,Halliburton,mhalliburton31@techcrunch.com,Female,Support
111,Bernadene,Esilmon,besilmon32@ovh.net,Male,Product Management
112,Demeter,Truckett,dtruckett33@netscape.com,Female,Engineering
113,Eleni,Whiteson,ewhiteson34@google.co.uk,Male,Marketing
114,Mata,Ings,mings35@myspace.com,Male,Engineering
115,Elliott,Antoney,eantoney36@imageshack.us,Female,Sales
116,Bartel,Dossetter,bdossetter37@google.com.br,Male,Human Resources
117,Inessa,McNamara,imcnamara38@washington.edu,Female,Engineering
118,Moore,Kainz,mkainz39@free.fr,Female,Support
119,Sam,Tytler,stytler3a@miitbeian.gov.cn,Female,Engineering
120,Dilly,Garrigan,dgarrigan3b@domainmarket.com,Male,Business Development
121,Fey,Ashling,fashling3c@dyndns.org,Male,Services
122,Pyotr,Eglise,peglise3d@sogou.com,Female,Legal
123,Aretha,Featherstonhaugh,afeatherstonhaugh3e@utexas.edu,Female,Research and Development
124,Caspar,Cowill,ccowill3f@china.com.cn,Male,Sales
125,Albina,Janz,ajanz3g@rakuten.co.jp,Female,Engineering
126,Chicky,Grimsdike,cgrimsdike3h@geocities.com,Female,Product Management
127,Sunny,Craisford,scraisford3i@is.gd,Male,Services
128,Diandra,Limbrick,dlimbrick3j@ebay.com,Female,Training
129,Elwood,Wasling,ewasling3k@constantcontact.com,Female,Accounting
130,Rhett,Biskupski,rbiskupski3l@themeforest.net,Female,Business Development
131,Urban,Folkerd,ufolkerd3m@myspace.com,Female,Support
132,Johan,Smiz,jsmiz3n@twitter.com,Male,Services
133,Corinna,Glanister,cglanister3o@barnesandnoble.com,Female,Human Resources
134,Anna,Mackneis,amackneis3p@uol.com.br,Female,Marketing
135,Emmi,Gallaccio,egallaccio3q@mapquest.com,Female,Support
136,Hersh,Daverin,hdaverin3r@privacy.gov.au,Male,Research and Development
137,Brinn,Fairfoul,bfairfoul3s@xinhuanet.com,Female,Services
138,Kingston,Moubray,kmoubray3t@ft.com,Male,Accounting
139,Dwayne,Kennefick,dkennefick3u@unc.edu,Male,Services
140,Winona,Hellwich,whellwich3v@baidu.com,Male,Accounting
141,Jesse,Alben,jalben3w@vkontakte.ru,Male,Engineering
142,Jacintha,Crady,jcrady3x@theatlantic.com,Male,Sales
143,Aurie,Pacitti,apacitti3y@mlb.com,Male,Marketing
144,Jaye,Coulbeck,jcoulbeck3z@marriott.com,Female,Training
145,Eunice,Lydiard,elydiard40@dailymail.co.uk,Male,Business Development
146,Der,Tenaunt,dtenaunt41@noaa.gov,Female,Services
147,Madeleine,Lamborne,mlamborne42@trellian.com,Male,Research and Development
148,Pearla,Bebbell,pbebbell43@kickstarter.com,Female,Training
149,Reba,Cheeseman,rcheeseman44@miitbeian.gov.cn,Male,Support
150,Trumaine,Fritche,tfritche45@si.edu,Female,Engineering
151,Marj,Galego,mgalego46@buzzfeed.com,Male,Accounting
152,Joletta,Plews,jplews47@bandcamp.com,Male,Services
153,Gussi,Raffon,graffon48@army.mil,Male,Marketing
154,Lian,Jessen,ljessen49@about.me,Female,Services
155,Ruthe,Karpman,rkarpman4a@un.org,Male,Engineering
156,Cornie,Bengtsen,cbengtsen4b@jugem.jp,Male,Product Management
157,Stafani,Fowells,sfowells4c@vkontakte.ru,Male,Human Resources
158,Aluin,New,anew4d@newsvine.com,Male,Legal
159,Susy,Bough,sbough4e@prweb.com,Female,Support
160,Arni,Castelletto,acastelletto4f@artisteer.com,Female,Research and Development
161,Clerc,Butlin,cbutlin4g@nbcnews.com,Female,Research and Development
162,Keenan,Jarvie,kjarvie4h@scribd.com,Female,Human Resources
163,Meaghan,Jandac,mjandac4i@google.co.jp,Male,Legal
164,Basilio,Twidle,btwidle4j@jigsy.com,Female,Services
165,Darya,Boucher,dboucher4k@imageshack.us,Female,Engineering
166,Desiri,Swepstone,dswepstone4l@amazonaws.com,Male,Support
167,Kahlil,Easeman,keaseman4m@feedburner.com,Female,Engineering
168,Bette,Dregan,bdregan4n@mashable.com,Female,Training
169,Zandra,Farreil,zfarreil4o@mlb.com,Male,Business Development
170,Benita,Leathart,bleathart4p@mozilla.org,Female,Product Management
171,Joan,Orred,jorred4q@sourceforge.net,Male,Business Development
172,Gene,Curtin,gcurtin4r@indiegogo.com,Male,Business Development
173,Glynis,Randal,grandal4s@noaa.gov,Male,Services
174,Morganne,Temporal,mtemporal4t@un.org,Male,Support
175,Lib,North,lnorth4u@goodreads.com,Female,Support
176,Urson,Mossom,umossom4v@tmall.com,Male,Engineering
177,Frankie,Bouchard,fbouchard4w@wikispaces.com,Female,Human Resources
178,Beaufort,Willis,bwillis4x@edublogs.org,Male,Services
179,Rosalynd,Carp,rcarp4y@sina.com.cn,Female,Support
180,Libby,Pargetter,lpargetter4z@spotify.com,Male,Engineering
181,Dermot,Stalley,dstalley50@samsung.com,Male,Support
182,Verney,Upcraft,vupcraft51@amazon.de,Male,Business Development
183,Mirabelle,Addis,maddis52@google.nl,Female,Human Resources
184,Cari,Bolger,cbolger53@ucla.edu,Male,Accounting
185,Jenda,Oxenden,joxenden54@hhs.gov,Female,Human Resources
186,Lyndy,Castledine,lcastledine55@ustream.tv,Female,Business Development
187,Forest,Lindenberg,flindenberg56@myspace.com,Female,Marketing
188,Kaitlin,Durtnel,kdurtnel57@epa.gov,Male,Human Resources
189,Chas,Tansley,ctansley58@washingtonpost.com,Female,Accounting
190,Cinderella,Cooke,ccooke59@shinystat.com,Female,Business Development
191,Shepherd,Kinny,skinny5a@go.com,Female,Support
192,Bud,Cottill,bcottill5b@apache.org,Male,Services
193,Lorene,Fullom,lfullom5c@un.org,Female,Human Resources
194,Gorden,Brabham,gbrabham5d@google.pl,Female,Legal
195,Aleece,Baggallay,abaggallay5e@tuttocitta.it,Female,Services
196,Hillel,Byres,hbyres5f@comcast.net,Female,Human Resources
197,Cherey,Jezzard,cjezzard5g@foxnews.com,Female,Accounting
198,Brina,Sabbins,bsabbins5h@newyorker.com,Female,Sales
199,Ilse,Duferie,iduferie5i@hp.com,Male,Research and Development
200,Andrea,Gallgher,agallgher5j@salon.com,Male,Accounting
201,Ricoriki,Ebsworth,rebsworth5k@amazon.co.uk,Female,Sales
202,Nataniel,Nevinson,nnevinson5l@desdev.cn,Female,Marketing
203,Sofia,Leggin,sleggin5m@slideshare.net,Female,Services
204,Ruttger,Dzenisenka,rdzenisenka5n@apache.org,Female,Engineering
205,Xever,Limming,xlimming5o@sciencedirect.com,Female,Training
206,Tammy,D'Acth,tdacth5p@google.de,Female,Product Management
207,Avril,Picardo,apicardo5q@pcworld.com,Male,Human Resources
208,Abeu,Cudbertson,acudbertson5r@eventbrite.com,Male,Product Management
209,Vergil,Garnall,vgarnall5s@stanford.edu,Female,Engineering
210,Kingston,Cantillon,kcantillon5t@homestead.com,Female,Support
211,Enrique,Renihan,erenihan5u@hibu.com,Female,Services
212,Legra,Butchart,lbutchart5v@yellowpages.com,Female,Business Development
213,Saxon,Licciardo,slicciardo5w@newyorker.com,Male,Training
214,Monica,Whitchurch,mwhitchurch5x@t.co,Male,Marketing
215,Jerry,Sadat,jsadat5y@examiner.com,Male,Legal
216,Suki,Artharg,sartharg5z@netscape.com,Male,Accounting
217,Loreen,Aronoff,laronoff60@gizmodo.com,Female,Training
218,Owen,Bulman,obulman61@ezinearticles.com,Male,Human Resources
219,Johnny,McLeod,jmcleod62@istockphoto.com,Female,Sales
220,Randi,Dominighi,rdominighi63@blog.com,Female,Legal
221,Blisse,Stickland,bstickland64@shareasale.com,Female,Sales
222,Gwynne,Piggott,gpiggott65@epa.gov,Female,Human Resources
223,Arlene,Tyce,atyce66@bandcamp.com,Female,Accounting
224,Karita,Storm,kstorm67@ibm.com,Female,Engineering
225,Benson,Mateu,bmateu68@rakuten.co.jp,Female,Support
226,Jaquenetta,Gramer,jgramer69@i2i.jp,Female,Accounting
227,Hirsch,Bicksteth,hbicksteth6a@pinterest.com,Female,Engineering
228,Elene,Dalzell,edalzell6b@dyndns.org,Male,Research and Development
229,Nappie,Pretley,npretley6c@freewebs.com,Male,Research and Development
230,Amity,Lafond,alafond6d@go.com,Female,Sales
231,Rory,Cayette,rcayette6e@123-reg.co.uk,Male,Engineering
232,Delilah,Crosoer,dcrosoer6f@bluehost.com,Male,Research and Development
233,Claudine,Muldowney,cmuldowney6g@oaic.gov.au,Female,Services
234,Lin,Wabersinke,lwabersinke6h@163.com,Female,Business Development
235,Devy,Ovill,dovill6i@answers.com,Male,Research and Development
236,Eolande,Corragan,ecorragan6j@4shared.com,Male,Support
237,Florence,Affuso,faffuso6k@posterous.com,Male,Legal
238,Gloriane,Isham,gisham6l@youtube.com,Male,Product Management
239,Cassey,Dyson,cdyson6m@com.com,Male,Research and Development
240,Rudolfo,Baptie,rbaptie6n@ca.gov,Male,Research and Development
241,Irwin,Haddeston,ihaddeston6o@artisteer.com,Male,Accounting
242,Christiane,McOwan,cmcowan6p@parallels.com,Male,Legal
243,Anabella,Dowglass,adowglass6q@dmoz.org,Male,Product Management
244,Bernice,Godbold,bgodbold6r@independent.co.uk,Female,Support
245,Devonne,Corain,dcorain6s@microsoft.com,Male,Accounting
246,Barry,Carsey,bcarsey6t@parallels.com,Female,Engineering
247,Jammie,Seeley,jseeley6u@irs.gov,Male,Human Resources
248,Rosalyn,Billiard,rbilliard6v@engadget.com,Female,Support
249,Arvy,Sommerly,asommerly6w@hao123.com,Male,Product Management
250,Mariette,Arnott,marnott6x@chron.com,Female,Research and Development
251,Ogden,Cheevers,ocheevers6y@theguardian.com,Male,Accounting
252,Waylen,Ockland,wockland6z@printfriendly.com,Female,Product Management
253,Harold,Batchelder,hbatchelder70@a8.net,Female,Sales
254,Jobina,Leipelt,jleipelt71@desdev.cn,Male,Services
255,Ivette,Segrott,isegrott72@clickbank.net,Female,Sales
256,Walther,Walework,wwalework73@irs.gov,Male,Training
257,Ax,Torr,atorr74@opensource.org,Female,Training
258,Nolan,Wimbridge,nwimbridge75@pagesperso-orange.fr,Male,Business Development
259,Hernando,Dell'Abbate,hdellabbate76@go.com,Female,Sales
260,Torey,Marians,tmarians77@goo.ne.jp,Female,Human Resources
261,Jasmin,Klagge,jklagge78@sakura.ne.jp,Female,Human Resources
262,Gilli,Gowling,ggowling79@networkadvertising.org,Female,Training
263,Cate,Glitherow,cglitherow7a@people.com.cn,Female,Engineering
264,Freddy,Fussen,ffussen7b@telegraph.co.uk,Female,Services
265,Briano,Kamenar,bkamenar7c@w3.org,Female,Marketing
266,Tasia,Caney,tcaney7d@w3.org,Female,Marketing
267,Robby,Keeble,rkeeble7e@canalblog.com,Female,Legal
268,Alanna,Northall,anorthall7f@yellowbook.com,Male,Legal
269,Alexi,Mallinson,amallinson7g@dion.ne.jp,Female,Business Development
270,Kev,Tremeer,ktremeer7h@ebay.com,Male,Training
271,Nanny,Marvin,nmarvin7i@ucoz.com,Male,Training
272,Mallissa,Feitosa,mfeitosa7j@mapquest.com,Female,Engineering
273,Winne,Rooze,wrooze7k@amazonaws.com,Male,Legal
274,Zara,Kenworthey,zkenworthey7l@economist.com,Female,Accounting
275,Xylia,Challice,xchallice7m@ask.com,Female,Human Resources
276,Siana,Jacklin,sjacklin7n@booking.com,Male,Accounting
277,Dionis,Fudge,dfudge7o@1688.com,Male,Human Resources
278,Celestia,Von Oertzen,cvonoertzen7p@freewebs.com,Female,Product Management
279,Cory,Poyzer,cpoyzer7q@google.com,Male,Services
280,Sheilakathryn,Slater,sslater7r@issuu.com,Female,Engineering
281,Catha,Ortiger,cortiger7s@state.tx.us,Male,Services
282,Isidora,Jamme,ijamme7t@dmoz.org,Male,Human Resources
283,Candie,Cleaton,ccleaton7u@craigslist.org,Female,Legal
284,Jeannine,Southernwood,jsouthernwood7v@noaa.gov,Male,Support
285,Freddie,Zanetto,fzanetto7w@ca.gov,Male,Sales
286,Gil,Raftery,graftery7x@miitbeian.gov.cn,Female,Training
287,Elora,Rumbelow,erumbelow7y@bandcamp.com,Male,Legal
288,Dorolice,Gofton,dgofton7z@japanpost.jp,Female,Marketing
289,Evan,Kirdsch,ekirdsch80@discovery.com,Male,Research and Development
290,Oby,Di Meo,odimeo81@elpais.com,Male,Training
291,Shurwood,Ellick,sellick82@seattletimes.com,Male,Business Development
292,Felicity,Moreinis,fmoreinis83@google.de,Female,Business Development
293,Jefferson,Rollitt,jrollitt84@msu.edu,Male,Support
294,Nicky,Featherston,nfeatherston85@senate.gov,Female,Support
295,Nicholas,Fowkes,nfowkes86@thetimes.co.uk,Female,Sales
296,Al,Cawley,acawley87@nationalgeographic.com,Male,Accounting
297,Kristoffer,Medlen,kmedlen88@bloglovin.com,Male,Support
298,Sharla,McCrainor,smccrainor89@addtoany.com,Female,Product Management
299,Janith,Feasey,jfeasey8a@foxnews.com,Female,Accounting
300,Alissa,Casado,acasado8b@ibm.com,Male,Sales
301,Jerad,Robberecht,jrobberecht8c@bloglines.com,Male,Research and Development
302,Janessa,Pagin,jpagin8d@barnesandnoble.com,Female,Sales
303,Sallee,O'Coskerry,socoskerry8e@miitbeian.gov.cn,Male,Services
304,Otis,Pock,opock8f@noaa.gov,Female,Marketing
305,Flynn,Lydiate,flydiate8g@aboutads.info,Female,Support
306,Erie,Leaming,eleaming8h@clickbank.net,Male,Legal
307,Danyelle,Brinicombe,dbrinicombe8i@studiopress.com,Female,Services
308,Josepha,Barth,jbarth8j@webeden.co.uk,Female,Engineering
309,Hanni,Chong,hchong8k@privacy.gov.au,Female,Accounting
310,Della,Gallyon,dgallyon8l@dropbox.com,Female,Business Development
311,Thaddeus,Cordelet,tcordelet8m@dedecms.com,Male,Research and Development
312,Anthea,Geldert,ageldert8n@reuters.com,Female,Accounting
313,Charlotta,Sommersett,csommersett8o@japanpost.jp,Male,Product Management
314,Agnese,Leonards,aleonards8p@skyrock.com,Female,Product Management
315,Rosalinde,Aspell,raspell8q@archive.org,Female,Sales
316,Phip,Daouse,pdaouse8r@quantcast.com,Male,Marketing
317,Rosette,Tremberth,rtremberth8s@angelfire.com,Female,Legal
318,Langston,Yaxley,lyaxley8t@xinhuanet.com,Female,Engineering
319,Nerte,Avramov,navramov8u@flickr.com,Male,Marketing
320,Laina,Blowne,lblowne8v@parallels.com,Female,Legal
321,Galvan,Quernel,gquernel8w@wiley.com,Male,Accounting
322,Smitty,Carstairs,scarstairs8x@delicious.com,Female,Training
323,Terrye,Ringwood,tringwood8y@simplemachines.org,Male,Legal
324,Curran,Tillett,ctillett8z@huffingtonpost.com,Male,Training
325,Pearl,Climpson,pclimpson90@fastcompany.com,Female,Product Management
326,Vladamir,Demanche,vdemanche91@yelp.com,Female,Support
327,Gloriana,Bunney,gbunney92@gravatar.com,Male,Business Development
328,Randene,Rizon,rrizon93@time.com,Female,Marketing
329,Sharla,Horley,shorley94@e-recht24.de,Male,Support
330,Clareta,Franzel,cfranzel95@rediff.com,Female,Research and Development
331,Griff,Spincke,gspincke96@fema.gov,Female,Sales
332,Tessy,Blackater,tblackater97@phoca.cz,Male,Sales
333,Devondra,Kerrod,dkerrod98@vinaora.com,Female,Support
334,Laina,Tampling,ltampling99@mapy.cz,Female,Services
335,Babette,Figgen,bfiggen9a@alibaba.com,Male,Research and Development
336,Kizzie,Exter,kexter9b@naver.com,Male,Training
337,Ottilie,Meadus,omeadus9c@indiegogo.com,Female,Support
338,Skippie,Pickin,spickin9d@noaa.gov,Female,Services
339,Guenevere,Folker,gfolker9e@nymag.com,Male,Accounting
340,Norton,Stanton,nstanton9f@globo.com,Female,Marketing
341,Bradly,Bente,bbente9g@washingtonpost.com,Female,Services
342,Nichole,Doman,ndoman9h@bbc.co.uk,Female,Human Resources
343,Denise,Clowser,dclowser9i@hibu.com,Male,Business Development
344,Hubert,Cummings,hcummings9j@amazonaws.com,Male,Marketing
345,Pall,Munday,pmunday9k@prlog.org,Female,Sales
346,Davis,Bottomer,dbottomer9l@eepurl.com,Male,Sales
347,Ralf,Sambrook,rsambrook9m@istockphoto.com,Female,Marketing
348,Jude,Jennaroy,jjennaroy9n@mac.com,Female,Accounting
349,Niccolo,Siney,nsiney9o@alibaba.com,Female,Business Development
350,Adriana,ducarme,aducarme9p@microsoft.com,Male,Training
351,Verne,Okroy,vokroy9q@xrea.com,Male,Sales
352,Karna,Worcester,kworcester9r@nydailynews.com,Male,Product Management
353,Xylia,Grabert,xgrabert9s@weather.com,Male,Business Development
354,Diarmid,Hounsom,dhounsom9t@guardian.co.uk,Male,Research and Development
355,Ronalda,Polamontayne,rpolamontayne9u@naver.com,Female,Training
356,Tyson,Fitzsymonds,tfitzsymonds9v@google.cn,Male,Research and Development
357,Alix,Petrik,apetrik9w@time.com,Male,Business Development
358,Alisun,Lynskey,alynskey9x@mayoclinic.com,Male,Engineering
359,Chad,Willbourne,cwillbourne9y@cbsnews.com,Male,Services
360,Melly,Cathro,mcathro9z@tripadvisor.com,Female,Engineering
361,Rasla,Reagan,rreagana0@topsy.com,Male,Training
362,Joanne,Fausset,jfausseta1@dot.gov,Female,Accounting
363,Wilburt,Ullyott,wullyotta2@mayoclinic.com,Female,Human Resources
364,Bail,Challens,bchallensa3@ustream.tv,Female,Support
365,Franklyn,Nutter,fnuttera4@hubpages.com,Male,Business Development
366,Rosalinde,Alder,raldera5@liveinternet.ru,Male,Services
367,Gale,Grimmolby,ggrimmolbya6@tripod.com,Male,Human Resources
368,Kalie,Halpine,khalpinea7@google.nl,Female,Research and Development
369,Barbette,Franz,bfranza8@delicious.com,Female,Engineering
370,Law,Diggell,ldiggella9@jugem.jp,Male,Product Management
371,Weber,Partkya,wpartkyaaa@jalbum.net,Male,Services
372,Lori,MacDonagh,lmacdonaghab@example.com,Female,Accounting
373,Gilberta,Phillis,gphillisac@360.cn,Male,Research and Development
374,Pen,Jehaes,pjehaesad@dell.com,Female,Legal
375,Roxane,Kneel,rkneelae@cdbaby.com,Female,Sales
376,Jecho,Haughian,jhaughianaf@privacy.gov.au,Male,Business Development
377,Sigrid,Yare,syareag@alibaba.com,Female,Research and Development
378,Hiram,Meneyer,hmeneyerah@pcworld.com,Female,Product Management
379,Engelbert,Onians,eoniansai@exblog.jp,Female,Accounting
380,Sada,Loughan,sloughanaj@bloomberg.com,Female,Business Development
381,Wainwright,O'Flynn,woflynnak@deviantart.com,Male,Legal
382,Bill,Huison,bhuisonal@ted.com,Male,Business Development
383,Desirae,Tomaino,dtomainoam@bloglines.com,Female,Accounting
384,Sophronia,Sheara,sshearaan@newsvine.com,Male,Sales
385,Matthieu,Soames,msoamesao@youku.com,Male,Marketing
386,Garry,Mousby,gmousbyap@businesswire.com,Female,Marketing
387,Banky,Estevez,bestevezaq@cpanel.net,Male,Legal
388,Idaline,Mott,imottar@go.com,Male,Services
389,Charlotta,Knight,cknightas@t-online.de,Female,Services
390,Tommie,Rechert,trechertat@discovery.com,Male,Marketing
391,Stacie,Upstone,supstoneau@reuters.com,Female,Product Management
392,Sara,Rodriguez,srodriguezav@bigcartel.com,Female,Support
393,Birgitta,Fudge,bfudgeaw@goo.ne.jp,Female,Product Management
394,Agace,Gerbel,agerbelax@cdc.gov,Female,Support
395,Gabrielle,Sulland,gsullanday@youtu.be,Male,Engineering
396,Mort,Wisniewski,mwisniewskiaz@goo.ne.jp,Male,Accounting
397,Clay,Potes,cpotesb0@people.com.cn,Male,Training
398,Griffy,Heggman,gheggmanb1@mysql.com,Male,Product Management
399,Erhard,Rikel,erikelb2@tuttocitta.it,Male,Business Development
400,Aime,Burhill,aburhillb3@google.fr,Female,Human Resources
401,Windy,Burree,wburreeb4@fastcompany.com,Female,Product Management
402,Georgeta,Faunch,gfaunchb5@hexun.com,Female,Marketing
403,Lionello,Giacomuzzo,lgiacomuzzob6@topsy.com,Female,Support
404,Dede,Sherbrooke,dsherbrookeb7@meetup.com,Female,Engineering
405,Talya,Seldner,tseldnerb8@shinystat.com,Female,Legal
406,Xena,Bratten,xbrattenb9@senate.gov,Female,Legal
407,Frederigo,Pitrelli,fpitrelliba@nydailynews.com,Male,Legal
408,Devora,Maccari,dmaccaribb@ihg.com,Female,Business Development
409,Killian,Crayker,kcraykerbc@scribd.com,Female,Support
410,Tory,Scyone,tscyonebd@linkedin.com,Female,Marketing
411,Ogden,Cashmore,ocashmorebe@salon.com,Male,Product Management
412,Gilbert,Ferrai,gferraibf@macromedia.com,Female,Human Resources
413,Finn,Charrette,fcharrettebg@elegantthemes.com,Female,Research and Development
414,Vincenty,Coneau,vconeaubh@multiply.com,Female,Product Management
415,Orland,Sandeford,osandefordbi@yellowpages.com,Female,Product Management
416,Amil,Sussans,asussansbj@oakley.com,Male,Marketing
417,Callie,Pibsworth,cpibsworthbk@home.pl,Female,Business Development
418,Dudley,Donnison,ddonnisonbl@github.io,Male,Research and Development
419,Redford,Hansbury,rhansburybm@forbes.com,Male,Marketing
420,Grantham,Stitson,gstitsonbn@reference.com,Male,Human Resources
421,Scott,Geistmann,sgeistmannbo@zdnet.com,Female,Research and Development
422,Raynor,Jurisch,rjurischbp@angelfire.com,Male,Marketing
423,Donnamarie,Lyptrade,dlyptradebq@bloglovin.com,Male,Support
424,Jon,Collingdon,jcollingdonbr@furl.net,Female,Product Management
425,Ronald,Heaford,rheafordbs@techcrunch.com,Male,Research and Development
426,Eberto,Warratt,ewarrattbt@umich.edu,Female,Engineering
427,Paton,Ballingal,pballingalbu@ca.gov,Female,Sales
428,Avery,Ennals,aennalsbv@webnode.com,Female,Sales
429,Rhetta,Stoite,rstoitebw@npr.org,Female,Training
430,Fred,Fliege,ffliegebx@craigslist.org,Female,Human Resources
431,Isaac,Hindsberg,ihindsbergby@ameblo.jp,Female,Product Management
432,Mara,Wimlett,mwimlettbz@google.com.hk,Male,Services
433,Elmer,Ivins,eivinsc0@godaddy.com,Female,Research and Development
434,Oona,Fife,ofifec1@seattletimes.com,Male,Research and Development
435,Worthy,Tipperton,wtippertonc2@craigslist.org,Male,Product Management
436,Aluin,Faas,afaasc3@cdc.gov,Female,Human Resources
437,Leigh,Bowater,lbowaterc4@vk.com,Female,Human Resources
438,Guinevere,Skittles,gskittlesc5@qq.com,Male,Training
439,Hyatt,Heaysman,hheaysmanc6@sina.com.cn,Female,Sales
440,Adelaide,Guildford,aguildfordc7@theguardian.com,Female,Human Resources
441,Chad,Vivian,cvivianc8@newsvine.com,Female,Business Development
442,Mildrid,Old,moldc9@nytimes.com,Male,Sales
443,Madeline,Gubbins,mgubbinsca@histats.com,Male,Marketing
444,Launce,Witchalls,lwitchallscb@auda.org.au,Female,Research and Development
445,Robinette,Swanton,rswantoncc@umn.edu,Male,Support
446,Salomone,Dahlbom,sdahlbomcd@telegraph.co.uk,Male,Marketing
447,Cindee,Eastes,ceastesce@unblog.fr,Male,Services
448,Farlie,Kezar,fkezarcf@indiatimes.com,Female,Marketing
449,Frederica,Nelles,fnellescg@rambler.ru,Female,Research and Development
450,Anderson,MacCard,amaccardch@indiegogo.com,Female,Legal
451,Torrence,McEntee,tmcenteeci@ted.com,Female,Sales
452,Alexandrina,Niese,aniesecj@smh.com.au,Male,Engineering
453,Ardith,Longworthy,alongworthyck@sciencedirect.com,Male,Marketing
454,Ginelle,Wicken,gwickencl@yellowbook.com,Male,Marketing
455,Andrea,Pinsent,apinsentcm@dagondesign.com,Male,Legal
456,Nadia,Lettsom,nlettsomcn@oracle.com,Male,Business Development
457,Christi,Reast,creastco@wordpress.com,Male,Business Development
458,Guillema,Craise,gcraisecp@discuz.net,Female,Legal
459,Netta,Gussin,ngussincq@t-online.de,Female,Support
460,Tracie,Cowope,tcowopecr@bloomberg.com,Male,Product Management
461,Anabella,Brosio,abrosiocs@dagondesign.com,Female,Sales
462,Galina,Sircomb,gsircombct@woothemes.com,Female,Business Development
463,Kellie,Gallihaulk,kgallihaulkcu@mysql.com,Male,Marketing
464,Harris,Arlott,harlottcv@amazon.de,Female,Business Development
465,Latrena,Aucoate,laucoatecw@tuttocitta.it,Male,Accounting
466,Henri,Guyer,hguyercx@howstuffworks.com,Female,Marketing
467,Roanna,Deyenhardt,rdeyenhardtcy@amazon.com,Female,Engineering
468,Bealle,Lillywhite,blillywhitecz@quantcast.com,Male,Engineering
469,Mayne,Robinette,mrobinetted0@baidu.com,Male,Legal
470,Ingar,Francais,ifrancaisd1@biblegateway.com,Female,Marketing
471,Margalit,Rackstraw,mrackstrawd2@cocolog-nifty.com,Female,Accounting
472,Lydie,Dailey,ldaileyd3@virginia.edu,Male,Services
473,Caritta,Gillatt,cgillattd4@google.de,Male,Services
474,Guthrey,Hammond,ghammondd5@buzzfeed.com,Female,Human Resources
475,Joshuah,Shadwick,jshadwickd6@nps.gov,Male,Research and Development
476,Thorny,Castleton,tcastletond7@dropbox.com,Female,Business Development
477,Sutherland,Troak,stroakd8@joomla.org,Male,Services
478,Clayton,Cressar,ccressard9@cornell.edu,Female,Services
479,Hans,Sprowles,hsprowlesda@amazon.co.uk,Male,Services
480,Brewster,Lisciardelli,blisciardellidb@weebly.com,Male,Human Resources
481,Junie,Calafate,jcalafatedc@cloudflare.com,Male,Product Management
482,Hymie,Minto,hmintodd@java.com,Male,Sales
483,Layton,Clutten,lcluttende@mtv.com,Male,Engineering
484,Erich,Hof,ehofdf@tripadvisor.com,Female,Services
485,Fina,Blose,fblosedg@livejournal.com,Male,Human Resources
486,Bald,Klossek,bklossekdh@unicef.org,Female,Human Resources
487,Claudette,Nevins,cnevinsdi@list-manage.com,Female,Support
488,Roseline,Tunnock,rtunnockdj@delicious.com,Female,Services
489,Neil,MacCoveney,nmaccoveneydk@businessweek.com,Female,Human Resources
490,Risa,McGow,rmcgowdl@cmu.edu,Male,Sales
491,Lynea,Craigmyle,lcraigmyledm@histats.com,Male,Accounting
492,Joyous,Mieville,jmievilledn@imgur.com,Female,Engineering
493,Town,Westcarr,twestcarrdo@icq.com,Female,Training
494,Jacques,Fitzsimons,jfitzsimonsdp@dmoz.org,Female,Accounting
495,Nilson,Hush,nhushdq@nyu.edu,Male,Legal
496,Chrystel,LLelweln,cllelwelndr@t-online.de,Male,Business Development
497,Giovanna,Monkeman,gmonkemands@mail.ru,Female,Research and Development
498,Fonz,Kopke,fkopkedt@mac.com,Female,Engineering
499,Sada,Ivens,sivensdu@surveymonkey.com,Male,Business Development
500,Madge,Windress,mwindressdv@china.com.cn,Female,Legal
501,Alfredo,Foale,afoaledw@hugedomains.com,Female,Business Development
502,Tracey,Leblanc,tleblancdx@360.cn,Female,Training
503,Donica,Older,dolderdy@arstechnica.com,Male,Training
504,Isabel,Wedgbrow,iwedgbrowdz@cyberchimps.com,Female,Services
505,Robby,Newlyn,rnewlyne0@nps.gov,Male,Accounting
506,Johann,Shoemark,jshoemarke1@devhub.com,Male,Training
507,Appolonia,Clouston,acloustone2@reference.com,Female,Engineering
508,Maxie,Tribell,mtribelle3@issuu.com,Female,Product Management
509,Hadria,Smitten,hsmittene4@opensource.org,Female,Legal
510,Irving,Gudyer,igudyere5@squarespace.com,Male,Support
511,Ewan,Sancto,esanctoe6@vkontakte.ru,Male,Marketing
512,Chev,Sand,csande7@google.de,Male,Services
513,Briant,Einchcombe,beinchcombee8@bandcamp.com,Male,Sales
514,Adler,Anton,aantone9@nydailynews.com,Male,Training
515,Reagen,Hairyes,rhairyesea@businessinsider.com,Female,Legal
516,Angelle,Kuna,akunaeb@paypal.com,Male,Research and Development
517,Clare,Kernaghan,ckernaghanec@yelp.com,Female,Human Resources
518,Lorrie,Burnsyde,lburnsydeed@tamu.edu,Male,Engineering
519,Rochella,Bulcroft,rbulcroftee@narod.ru,Female,Legal
520,Collen,Trahmel,ctrahmelef@about.com,Female,Marketing
521,Dore,Milch,dmilcheg@list-manage.com,Female,Marketing
522,Wes,Lounds,wloundseh@pcworld.com,Male,Marketing
523,Gray,Daniells,gdaniellsei@goo.gl,Male,Services
524,Otha,Gever,ogeverej@ameblo.jp,Female,Business Development
525,Ryon,Klimowicz,rklimowiczek@tiny.cc,Male,Services
526,Reggie,Burlay,rburlayel@stanford.edu,Male,Research and Development
527,Heida,Raspison,hraspisonem@ameblo.jp,Male,Support
528,Malissa,Vaillant,mvaillanten@sciencedirect.com,Male,Sales
529,Violetta,Shyres,vshyreseo@prnewswire.com,Female,Accounting
530,Mahmud,Fourmy,mfourmyep@naver.com,Female,Accounting
531,Herta,Moncreiff,hmoncreiffeq@symantec.com,Female,Legal
532,Gregory,Overill,goveriller@arstechnica.com,Male,Services
533,Nahum,Gladden,ngladdenes@reference.com,Female,Business Development
534,Daisi,Whitby,dwhitbyet@boston.com,Female,Product Management
535,Eamon,Murgatroyd,emurgatroydeu@fc2.com,Male,Legal
536,Sibyl,Poulsen,spoulsenev@yellowpages.com,Male,Engineering
537,Margaretha,Ballay,mballayew@npr.org,Male,Services
538,Norris,Iacovuzzi,niacovuzziex@nba.com,Female,Support
539,Simonne,McKimm,smckimmey@dropbox.com,Female,Training
540,Toni,MacQuaker,tmacquakerez@sina.com.cn,Male,Sales
541,Caritta,Chifney,cchifneyf0@umn.edu,Male,Services
542,Gus,Ledford,gledfordf1@booking.com,Female,Business Development
543,Jarad,Pring,jpringf2@bloglines.com,Female,Training
544,Vivianna,Willoughby,vwilloughbyf3@reuters.com,Male,Legal
545,Mill,Sinkings,msinkingsf4@ask.com,Female,Human Resources
546,Timotheus,Aggas,taggasf5@hao123.com,Female,Training
547,Lucie,Sandercock,lsandercockf6@zdnet.com,Female,Research and Development
548,Arlene,Saintsbury,asaintsburyf7@dot.gov,Male,Product Management
549,Dasha,Curragh,dcurraghf8@statcounter.com,Female,Training
550,Suzi,Spoure,sspouref9@shutterfly.com,Male,Support
551,Brianne,Espie,bespiefa@scientificamerican.com,Male,Human Resources
552,Denis,Raffan,draffanfb@cloudflare.com,Female,Business Development
553,Enoch,Jump,ejumpfc@sitemeter.com,Male,Research and Development
554,Vaclav,Meneur,vmeneurfd@java.com,Male,Business Development
555,Pavla,Harlin,pharlinfe@lulu.com,Female,Services
556,Deonne,Vinton,dvintonff@aboutads.info,Male,Legal
557,Westbrooke,Phillcock,wphillcockfg@unicef.org,Female,Accounting
558,Wendeline,Cadalleder,wcadallederfh@last.fm,Male,Research and Development
559,Jereme,Bleby,jblebyfi@home.pl,Male,Business Development
560,Reine,McFade,rmcfadefj@sbwire.com,Male,Human Resources
561,Brandise,McLeish,bmcleishfk@prnewswire.com,Male,Engineering
562,Blanca,Marklin,bmarklinfl@amazon.co.uk,Male,Engineering
563,Merlina,Ryall,mryallfm@nhs.uk,Male,Research and Development
564,Catha,Kulis,ckulisfn@youku.com,Male,Research and Development
565,Filia,Pfeifer,fpfeiferfo@nps.gov,Female,Accounting
566,Scotti,Ohms,sohmsfp@arizona.edu,Female,Training
567,Boy,Aim,baimfq@psu.edu,Female,Training
568,Jeanne,Overstall,joverstallfr@si.edu,Female,Support
569,Josselyn,Finn,jfinnfs@un.org,Female,Product Management
570,Allard,Breddy,abreddyft@usa.gov,Female,Training
571,Robinet,Dumbar,rdumbarfu@wikia.com,Female,Research and Development
572,Vivie,Chatten,vchattenfv@t.co,Female,Services
573,Merrilee,Muck,mmuckfw@php.net,Female,Engineering
574,Millard,Bumfrey,mbumfreyfx@stanford.edu,Female,Sales
575,Gabriel,Stickney,gstickneyfy@zimbio.com,Male,Engineering
576,Basilio,Pendlebery,bpendleberyfz@altervista.org,Female,Human Resources
577,Vin,Kopec,vkopecg0@weibo.com,Male,Accounting
578,Amata,Minister,aministerg1@sfgate.com,Male,Legal
579,Louisa,Downes,ldownesg2@sun.com,Female,Human Resources
580,Sheffield,Winchester,swinchesterg3@stumbleupon.com,Female,Business Development
581,Consuelo,Bucktrout,cbucktroutg4@state.gov,Male,Product Management
582,Forest,Kinkade,fkinkadeg5@cloudflare.com,Male,Services
583,Elmira,MacVean,emacveang6@webnode.com,Male,Research and Development
584,Dexter,Brammar,dbrammarg7@businessweek.com,Male,Services
585,Haleigh,Dyzart,hdyzartg8@w3.org,Female,Marketing
586,Monika,Halley,mhalleyg9@plala.or.jp,Male,Support
587,Tammy,Bow,tbowga@ted.com,Male,Services
588,Kerry,Coggeshall,kcoggeshallgb@ftc.gov,Male,Support
589,Cindee,Ferrieres,cferrieresgc@bing.com,Male,Business Development
590,Fremont,Wilden,fwildengd@opera.com,Male,Business Development
591,Britney,Bourrel,bbourrelge@ycombinator.com,Male,Research and Development
592,Davida,Quinevan,dquinevangf@1und1.de,Male,Product Management
593,Dionysus,O'Neal,donealgg@discuz.net,Female,Accounting
594,Elwyn,Royden,eroydengh@redcross.org,Female,Sales
595,Osborn,Janc,ojancgi@smh.com.au,Male,Legal
596,Priscilla,oldey,poldeygj@alibaba.com,Female,Sales
597,Bran,Skotcher,bskotchergk@hao123.com,Male,Business Development
598,Ambrose,Iacovini,aiacovinigl@state.gov,Female,Business Development
599,Hewe,Fallows,hfallowsgm@ucoz.ru,Female,Legal
600,Regina,Summerlie,rsummerliegn@exblog.jp,Male,Support
601,Steward,Cruce,scrucego@youtube.com,Female,Services
602,Britt,Ivakhin,bivakhingp@irs.gov,Female,Engineering
603,Koo,Ash,kashgq@t-online.de,Female,Accounting
604,Bond,Phettis,bphettisgr@opera.com,Female,Human Resources
605,Hynda,Laborda,hlabordags@google.cn,Male,Research and Development
606,Stoddard,Klammt,sklammtgt@purevolume.com,Male,Training
607,Almeda,Yaknov,ayaknovgu@fema.gov,Male,Accounting
608,Adelice,Greave,agreavegv@home.pl,Female,Support
609,Yvor,Jenk,yjenkgw@hugedomains.com,Male,Marketing
610,Bogey,Winslow,bwinslowgx@oracle.com,Male,Accounting
611,Shayne,Currum,scurrumgy@slideshare.net,Female,Accounting
612,Merola,Collingworth,mcollingworthgz@homestead.com,Male,Business Development
613,Witty,Moyes,wmoyesh0@behance.net,Male,Engineering
614,Camey,Stallon,cstallonh1@wikipedia.org,Female,Marketing
615,Adolf,Linskey,alinskeyh2@thetimes.co.uk,Male,Human Resources
616,Paulina,Ilsley,pilsleyh3@vimeo.com,Female,Human Resources
617,Stephanie,Wey,sweyh4@gov.uk,Female,Engineering
618,Tatum,Mussett,tmussetth5@wisc.edu,Male,Accounting
619,Lolly,Peerless,lpeerlessh6@weather.com,Male,Marketing
620,Juanita,McGeaney,jmcgeaneyh7@google.co.uk,Male,Support
621,Mirella,Vatcher,mvatcherh8@ucsd.edu,Female,Research and Development
622,Kathlin,Waymont,kwaymonth9@bandcamp.com,Male,Product Management
623,Griff,Garrud,ggarrudha@msu.edu,Male,Product Management
624,Alma,Mileham,amilehamhb@army.mil,Male,Engineering
625,Cherilynn,Eberts,cebertshc@reference.com,Male,Accounting
626,Rosalia,Gaisford,rgaisfordhd@google.co.jp,Male,Training
627,Baxter,Pidgeon,bpidgeonhe@nytimes.com,Female,Training
628,Dill,Stanton,dstantonhf@ucoz.com,Male,Business Development
629,Bondie,McGillivray,bmcgillivrayhg@ox.ac.uk,Female,Training
630,Christy,MacPeake,cmacpeakehh@slate.com,Male,Business Development
631,Yul,Rau,yrauhi@fc2.com,Male,Sales
632,Roseanne,Rounds,rroundshj@slate.com,Male,Training
633,Shanan,Giveen,sgiveenhk@opera.com,Female,Business Development
634,Wyatt,Puckett,wpucketthl@google.com,Female,Business Development
635,Elbert,Merrifield,emerrifieldhm@prweb.com,Male,Human Resources
636,Leonard,Bedham,lbedhamhn@google.ru,Female,Product Management
637,Cheslie,Byne,cbyneho@ihg.com,Male,Engineering
638,Angelica,Goodredge,agoodredgehp@huffingtonpost.com,Male,Product Management
639,Brenn,Mulholland,bmulhollandhq@thetimes.co.uk,Female,Sales
640,Ham,Villaret,hvillarethr@icq.com,Male,Product Management
641,Ignazio,McCready,imccreadyhs@blogspot.com,Male,Human Resources
642,Al,Halewood,ahalewoodht@cocolog-nifty.com,Female,Product Management
643,Evaleen,Cotterel,ecotterelhu@ihg.com,Female,Marketing
644,Rivy,Fewster,rfewsterhv@imgur.com,Female,Engineering
645,Rosemary,Skirling,rskirlinghw@discovery.com,Female,Marketing
646,Liuka,Chicchetto,lchicchettohx@aboutads.info,Female,Training
647,Hannis,Byram,hbyramhy@npr.org,Male,Support
648,Jordan,Fenlon,jfenlonhz@vimeo.com,Male,Services
649,Eileen,Muzzollo,emuzzolloi0@mozilla.com,Male,Accounting
650,Garek,Linfield,glinfieldi1@youtu.be,Male,Research and Development
651,Ruthanne,Gianasi,rgianasii2@thetimes.co.uk,Female,Legal
652,Lavinia,Daines,ldainesi3@wp.com,Male,Support
653,Lona,Ridpath,lridpathi4@netscape.com,Female,Accounting
654,Ripley,Bromwich,rbromwichi5@nih.gov,Female,Human Resources
655,Jedidiah,Delbergue,jdelberguei6@paypal.com,Male,Training
656,Nicolina,Resun,nresuni7@4shared.com,Male,Legal
657,Taffy,Danton,tdantoni8@amazon.co.uk,Female,Sales
658,Melisandra,Widdison,mwiddisoni9@sphinn.com,Male,Support
659,Rosa,Doerr,rdoerria@meetup.com,Male,Training
660,Babara,Gert,bgertib@livejournal.com,Male,Training
661,Jamison,Broadbear,jbroadbearic@com.com,Female,Marketing
662,Phyllida,Luckie,pluckieid@pbs.org,Male,Human Resources
663,Corbin,Keward,ckewardie@unc.edu,Female,Services
664,Sherye,Gavrieli,sgavrieliif@ucoz.ru,Female,Business Development
665,Leonie,Crates,lcratesig@time.com,Male,Research and Development
666,Tawsha,Ferrulli,tferrulliih@bandcamp.com,Male,Engineering
667,Alard,Micallef,amicallefii@gizmodo.com,Female,Accounting
668,Dalston,Ingleton,dingletonij@mit.edu,Female,Research and Development
669,Lanae,Scrace,lscraceik@ow.ly,Female,Business Development
670,Alejandro,Carmody,acarmodyil@storify.com,Male,Support
671,Kalinda,Kunzelmann,kkunzelmannim@google.ca,Female,Business Development
672,Terrye,Henri,thenriin@washington.edu,Male,Human Resources
673,Darlene,Filchakov,dfilchakovio@bandcamp.com,Female,Business Development
674,Tamar,Burkwood,tburkwoodip@addthis.com,Female,Services
675,Stacee,Tribell,stribelliq@desdev.cn,Male,Support
676,Jaine,Longridge,jlongridgeir@oracle.com,Female,Sales
677,Lia,Fairpool,lfairpoolis@techcrunch.com,Male,Product Management
678,Mart,Greschik,mgreschikit@reverbnation.com,Male,Support
679,Tedd,Jacobsohn,tjacobsohniu@about.me,Male,Product Management
680,Griselda,Shadfourth,gshadfourthiv@diigo.com,Female,Training
681,Marty,Jacqueminot,mjacqueminotiw@ucoz.com,Male,Accounting
682,Kathleen,Soans,ksoansix@slideshare.net,Female,Marketing
683,Mellie,Ollerearnshaw,mollerearnshawiy@mozilla.com,Female,Marketing
684,Adlai,Guiden,aguideniz@wikimedia.org,Male,Services
685,Tom,Kittel,tkittelj0@digg.com,Male,Legal
686,Redd,Hryniewicki,rhryniewickij1@unblog.fr,Male,Legal
687,Demetria,McIlwrath,dmcilwrathj2@1688.com,Female,Support
688,Esta,Mincini,emincinij3@123-reg.co.uk,Male,Marketing
689,Ernestine,Patten,epattenj4@ehow.com,Male,Accounting
690,Abba,Motto,amottoj5@spotify.com,Male,Sales
691,Sanders,Verzey,sverzeyj6@delicious.com,Male,Training
692,Bendick,Pina,bpinaj7@nymag.com,Female,Research and Development
693,Grant,Anten,gantenj8@stanford.edu,Male,Business Development
694,Aurora,Woolaston,awoolastonj9@51.la,Female,Accounting
695,Jaimie,Teissier,jteissierja@ftc.gov,Female,Accounting
696,Dionysus,Burrell,dburrelljb@sbwire.com,Female,Marketing
697,Brinna,Wilson,bwilsonjc@webmd.com,Male,Legal
698,Jobie,Feather,jfeatherjd@privacy.gov.au,Female,Legal
699,Arney,Gudeman,agudemanje@theatlantic.com,Male,Business Development
700,Alexandr,Sheldon,asheldonjf@scientificamerican.com,Female,Engineering
701,Deva,Streetfield,dstreetfieldjg@ox.ac.uk,Male,Services
702,Darren,Morphew,dmorphewjh@deliciousdays.com,Female,Legal
703,Agnola,Gounel,agounelji@shinystat.com,Female,Business Development
704,Molly,Treace,mtreacejj@indiegogo.com,Female,Business Development
705,Caye,Switland,cswitlandjk@cargocollective.com,Female,Training
706,Elihu,Quakley,equakleyjl@mozilla.com,Female,Product Management
707,Delinda,Joplin,djoplinjm@hatena.ne.jp,Male,Human Resources
708,Merl,Di Dello,mdidellojn@opensource.org,Female,Engineering
709,Edin,Simmell,esimmelljo@vkontakte.ru,Male,Accounting
710,Alexa,Winchcombe,awinchcombejp@sourceforge.net,Male,Training
711,Ardelis,Bruce,abrucejq@blog.com,Female,Support
712,Avivah,MacFadyen,amacfadyenjr@mashable.com,Male,Accounting
713,Opaline,Perch,operchjs@bbc.co.uk,Female,Accounting
714,Chuck,Yorke,cyorkejt@pinterest.com,Female,Services
715,Leanora,Cutforth,lcutforthju@ehow.com,Male,Marketing
716,Edythe,Lainge,elaingejv@flickr.com,Female,Engineering
717,Martin,Antoshin,mantoshinjw@smh.com.au,Male,Engineering
718,Jemimah,O'Hegertie,johegertiejx@arizona.edu,Male,Engineering
719,Ruggiero,Chivers,rchiversjy@wikipedia.org,Female,Engineering
720,Adler,Cruickshank,acruickshankjz@sphinn.com,Female,Services
721,Megen,Bresnen,mbresnenk0@github.io,Female,Support
722,Odelinda,Maffy,omaffyk1@altervista.org,Male,Engineering
723,Jasun,Chaperling,jchaperlingk2@ucla.edu,Female,Marketing
724,Jaine,Smethurst,jsmethurstk3@businesswire.com,Female,Training
725,Willetta,Brindley,wbrindleyk4@scientificamerican.com,Male,Training
726,Mahmoud,Ridpath,mridpathk5@paypal.com,Male,Human Resources
727,Cullin,Eslie,cesliek6@people.com.cn,Male,Marketing
728,Jolee,Hollingshead,jhollingsheadk7@surveymonkey.com,Female,Support
729,Evangelia,Duggleby,edugglebyk8@spiegel.de,Female,Services
730,Gloriana,Lambot,glambotk9@samsung.com,Female,Sales
731,Trina,MacDonnell,tmacdonnellka@dyndns.org,Female,Legal
732,Bennett,Vannuccini,bvannuccinikb@hao123.com,Male,Services
733,Merrel,Thiolier,mthiolierkc@ca.gov,Male,Accounting
734,Gweneth,McKinna,gmckinnakd@goo.ne.jp,Female,Product Management
735,Sonny,Burree,sburreeke@fema.gov,Female,Human Resources
736,Devondra,Brewin,dbrewinkf@a8.net,Female,Business Development
737,Shaine,Trowsdale,strowsdalekg@apple.com,Female,Training
738,Madlen,Chidlow,mchidlowkh@1688.com,Male,Business Development
739,Pedro,MacConneely,pmacconneelyki@prweb.com,Female,Accounting
740,Ami,Cullon,acullonkj@zdnet.com,Female,Research and Development
741,Bernelle,Agett,bagettkk@nymag.com,Female,Product Management
742,Carol,Armatage,carmatagekl@indiatimes.com,Male,Sales
743,Codi,Willbourne,cwillbournekm@blogs.com,Male,Human Resources
744,Garner,MacKereth,gmackerethkn@comcast.net,Male,Business Development
745,Jaymie,Glennie,jglennieko@columbia.edu,Female,Marketing
746,Dolf,Snowding,dsnowdingkp@wordpress.com,Male,Business Development
747,Aindrea,Griswaite,agriswaitekq@icio.us,Female,Sales
748,Sapphire,Gookey,sgookeykr@nytimes.com,Male,Legal
749,Dulcia,Curle,dcurleks@usnews.com,Female,Research and Development
750,Jorey,Eslie,jesliekt@ycombinator.com,Female,Engineering
751,Rodolphe,Toma,rtomaku@blogspot.com,Female,Research and Development
752,Carol,Colbrun,ccolbrunkv@diigo.com,Female,Accounting
753,Gennifer,Chadwyck,gchadwyckkw@pagesperso-orange.fr,Female,Research and Development
754,Francene,Mosdell,fmosdellkx@prnewswire.com,Male,Training
755,Wiley,Metcalfe,wmetcalfeky@marriott.com,Male,Services
756,Timothea,Kinneally,tkinneallykz@tumblr.com,Male,Marketing
757,Jerome,McTeer,jmcteerl0@wikipedia.org,Female,Support
758,Martie,Stolberg,mstolbergl1@yandex.ru,Female,Marketing
759,Carey,Benns,cbennsl2@opera.com,Female,Marketing
760,Gladi,Pepin,gpepinl3@themeforest.net,Female,Engineering
761,Kearney,Pitford,kpitfordl4@barnesandnoble.com,Female,Business Development
762,Donna,Hallahan,dhallahanl5@princeton.edu,Female,Accounting
763,Kris,Escreet,kescreetl6@posterous.com,Female,Research and Development
764,Blanche,Sporrij,bsporrijl7@multiply.com,Male,Business Development
765,Alaster,Kalaher,akalaherl8@utexas.edu,Female,Sales
766,Ashleigh,Smees,asmeesl9@cbc.ca,Female,Human Resources
767,Izabel,O'Noulane,ionoulanela@canalblog.com,Male,Business Development
768,Stanley,Gleadhell,sgleadhelllb@nasa.gov,Male,Support
769,Arlyn,Dominey,adomineylc@soup.io,Female,Support
770,Tripp,Stuchburie,tstuchburield@businessinsider.com,Female,Support
771,Joey,Cathie,jcathiele@xrea.com,Male,Marketing
772,Demetre,Fernehough,dfernehoughlf@digg.com,Female,Legal
773,Ula,Cleere,ucleerelg@cafepress.com,Female,Marketing
774,Marysa,McVeigh,mmcveighlh@parallels.com,Female,Engineering
775,Claudianus,Orrock,corrockli@facebook.com,Male,Legal
776,Sophia,Sizey,ssizeylj@deviantart.com,Female,Product Management
777,Syman,Swindells,sswindellslk@home.pl,Male,Accounting
778,Carmella,Brason,cbrasonll@usnews.com,Female,Business Development
779,Poul,Wycliff,pwyclifflm@issuu.com,Male,Human Resources
780,Alon,Cardozo,acardozoln@psu.edu,Male,Accounting
781,Job,Ucceli,juccelilo@feedburner.com,Male,Accounting
782,Alvie,Stive,astivelp@example.com,Female,Legal
783,Bobby,Huxham,bhuxhamlq@360.cn,Male,Human Resources
784,Jone,Drake,jdrakelr@amazon.co.uk,Male,Research and Development
785,Omero,Jursch,ojurschls@yelp.com,Female,Research and Development
786,Beret,Rodenburgh,brodenburghlt@vistaprint.com,Female,Accounting
787,Yetty,Eddisford,yeddisfordlu@chicagotribune.com,Female,Sales
788,Athena,Finden,afindenlv@example.com,Male,Research and Development
789,Angelo,Marielle,amariellelw@fastcompany.com,Male,Engineering
790,Rad,McNickle,rmcnicklelx@mtv.com,Male,Engineering
791,Thurston,Duthy,tduthyly@php.net,Male,Support
792,Ellwood,Kunneke,ekunnekelz@narod.ru,Male,Training
793,Carter,Spurdle,cspurdlem0@pagesperso-orange.fr,Male,Research and Development
794,Hersh,Swepson,hswepsonm1@qq.com,Female,Legal
795,Graeme,Eades,geadesm2@cmu.edu,Female,Accounting
796,Royall,Whitehurst,rwhitehurstm3@google.co.uk,Male,Sales
797,Elfie,Davidman,edavidmanm4@hp.com,Male,Engineering
798,Mallorie,Loud,mloudm5@youtu.be,Male,Business Development
799,Rockey,Dearle-Palser,rdearlepalserm6@behance.net,Female,Legal
800,Kingsley,Bark,kbarkm7@va.gov,Male,Training
801,Titus,Assinder,tassinderm8@sohu.com,Male,Training
802,Tobiah,Dempsey,tdempseym9@nymag.com,Male,Legal
803,Yorke,Natalie,ynataliema@auda.org.au,Female,Product Management
804,Humfrid,Rollason,hrollasonmb@google.pl,Female,Engineering
805,Marnia,Gurling,mgurlingmc@pbs.org,Male,Human Resources
806,Oralla,Blakes,oblakesmd@altervista.org,Female,Sales
807,Daisi,Ceschi,dceschime@youku.com,Female,Human Resources
808,Terrel,McCosker,tmccoskermf@wsj.com,Male,Marketing
809,Homer,Plant,hplantmg@scientificamerican.com,Female,Training
810,Peirce,Buglar,pbuglarmh@homestead.com,Male,Support
811,Rubetta,Lafranconi,rlafranconimi@i2i.jp,Male,Product Management
812,Alyce,Symper,asympermj@ucoz.com,Male,Training
813,Idalina,Gapper,igappermk@sfgate.com,Male,Legal
814,Alane,Jozaitis,ajozaitisml@ning.com,Male,Human Resources
815,Natale,Willoughley,nwilloughleymm@geocities.jp,Male,Business Development
816,Sapphire,Cockin,scockinmn@intel.com,Male,Human Resources
817,Amalia,Beaney,abeaneymo@baidu.com,Male,Product Management
818,Athena,Roakes,aroakesmp@skyrock.com,Male,Services
819,Ginger,Huxster,ghuxstermq@biblegateway.com,Male,Sales
820,Brandais,Wafer,bwafermr@barnesandnoble.com,Male,Human Resources
821,Boote,Piele,bpielems@jiathis.com,Female,Legal
822,Radcliffe,Brandenberg,rbrandenbergmt@prweb.com,Male,Accounting
823,Tyrone,Maystone,tmaystonemu@alibaba.com,Female,Product Management
824,Mitzi,Scammonden,mscammondenmv@usgs.gov,Female,Training
825,Nananne,Bonavia,nbonaviamw@wp.com,Male,Accounting
826,Paul,Mattock,pmattockmx@comsenz.com,Female,Support
827,Alvina,Sans,asansmy@com.com,Male,Training
828,Gypsy,Grouen,ggrouenmz@noaa.gov,Male,Accounting
829,Giacomo,Fardy,gfardyn0@cocolog-nifty.com,Male,Research and Development
830,Immanuel,Torald,itoraldn1@go.com,Female,Support
831,Terrill,Mintram,tmintramn2@1688.com,Female,Training
832,Nixie,Catonnet,ncatonnetn3@jalbum.net,Male,Product Management
833,Marve,Ryburn,mryburnn4@toplist.cz,Female,Sales
834,Liam,McIlharga,lmcilhargan5@soundcloud.com,Female,Business Development
835,Shandy,Streeting,sstreetingn6@clickbank.net,Male,Marketing
836,Ange,Madelin,amadelinn7@wired.com,Male,Product Management
837,Barby,McGlue,bmcgluen8@flickr.com,Female,Product Management
838,Rog,Crammy,rcrammyn9@sogou.com,Female,Product Management
839,Davidson,Mc Combe,dmccombena@cornell.edu,Male,Sales
840,Bethina,Hext,bhextnb@tumblr.com,Male,Support
841,Akim,Harverson,aharversonnc@ifeng.com,Female,Legal
842,Karon,Whimpenny,kwhimpennynd@hubpages.com,Female,Accounting
843,Duane,Thow,dthowne@4shared.com,Male,Accounting
844,Norman,De'Ath,ndeathnf@github.com,Female,Research and Development
845,Kimbell,Auden,kaudenng@house.gov,Male,Legal
846,Marilee,Rodd,mroddnh@seesaa.net,Female,Marketing
847,Eulalie,Southern,esouthernni@google.nl,Male,Support
848,Arvy,Browncey,abrownceynj@ted.com,Male,Support
849,Hans,Costock,hcostocknk@google.com,Male,Research and Development
850,Curry,Dennick,cdennicknl@facebook.com,Male,Support
851,Florance,Gussie,fgussienm@soundcloud.com,Male,Research and Development
852,Rinaldo,Murrey,rmurreynn@boston.com,Female,Marketing
853,Gweneth,Loughead,glougheadno@skyrock.com,Male,Accounting
854,Gaynor,Eary,gearynp@eventbrite.com,Female,Marketing
855,Hildy,Lifsey,hlifseynq@sciencedaily.com,Female,Human Resources
856,Nathanial,Mantione,nmantionenr@joomla.org,Female,Support
857,Art,Poe,apoens@usatoday.com,Male,Services
858,Lucinda,Skerme,lskerment@weibo.com,Male,Sales
859,Dalis,Monkleigh,dmonkleighnu@china.com.cn,Female,Support
860,Yanaton,Asey,yaseynv@xrea.com,Female,Support
861,Allin,Clowney,aclowneynw@indiatimes.com,Female,Support
862,Ermin,Morrison,emorrisonnx@nba.com,Female,Engineering
863,Deanne,Kensington,dkensingtonny@reuters.com,Female,Human Resources
864,Giuseppe,California,gcalifornianz@answers.com,Male,Services
865,Felix,Remington,fremingtono0@seesaa.net,Male,Research and Development
866,Chryste,Ardern,carderno1@ustream.tv,Male,Product Management
867,Devin,Klousner,dklousnero2@cisco.com,Male,Product Management
868,Doy,Arblaster,darblastero3@dion.ne.jp,Male,Services
869,Saundra,Tinsley,stinsleyo4@microsoft.com,Female,Support
870,Samara,Peracco,speraccoo5@ibm.com,Female,Business Development
871,Gregoor,Slator,gslatoro6@multiply.com,Male,Accounting
872,Derek,Kilcoyne,dkilcoyneo7@usa.gov,Female,Marketing
873,Trudy,Southerton,tsouthertono8@usgs.gov,Female,Training
874,Tamar,Oven,toveno9@netlog.com,Female,Services
875,Justinn,Tuson,jtusonoa@ebay.co.uk,Male,Business Development
876,Conney,Brayley,cbrayleyob@prlog.org,Female,Support
877,Hannie,Simek,hsimekoc@goodreads.com,Male,Marketing
878,Bryan,Sollars,bsollarsod@chicagotribune.com,Male,Business Development
879,Kamillah,Dampney,kdampneyoe@webmd.com,Male,Business Development
880,Darcie,Abela,dabelaof@yellowbook.com,Male,Marketing
881,Daryle,Deeson,ddeesonog@meetup.com,Male,Research and Development
882,Tomas,Shallcross,tshallcrossoh@hp.com,Male,Human Resources
883,Eldin,Chippin,echippinoi@unc.edu,Male,Business Development
884,Kermy,Slocomb,kslocomboj@amazon.com,Female,Engineering
885,Cleo,Digginson,cdigginsonok@japanpost.jp,Female,Engineering
886,Delcina,Azam,dazamol@php.net,Female,Sales
887,Lu,Maxsted,lmaxstedom@bravesites.com,Female,Business Development
888,Aguste,Allchin,aallchinon@example.com,Female,Services
889,Arvin,Chatten,achattenoo@wsj.com,Male,Accounting
890,Dominic,Burchnall,dburchnallop@hibu.com,Male,Business Development
891,Delcine,Welbrock,dwelbrockoq@vistaprint.com,Male,Services
892,Amber,Grevile,agrevileor@themeforest.net,Female,Legal
893,Hasty,Peck,hpeckos@yandex.ru,Male,Accounting
894,Michael,Kirimaa,mkirimaaot@weibo.com,Female,Accounting
895,Mace,Karpenko,mkarpenkoou@hp.com,Male,Research and Development
896,Emelda,Blackaby,eblackabyov@theatlantic.com,Male,Engineering
897,Lesley,Moreing,lmoreingow@networkadvertising.org,Female,Training
898,Robinet,Tavner,rtavnerox@shutterfly.com,Male,Product Management
899,Marney,Cochrane,mcochraneoy@list-manage.com,Female,Engineering
900,Sosanna,Brinkman,sbrinkmanoz@elegantthemes.com,Female,Sales
901,Case,Lilie,cliliep0@mayoclinic.com,Male,Business Development
902,Dillie,Cosgrive,dcosgrivep1@patch.com,Female,Support
903,Zebulon,Daye,zdayep2@redcross.org,Female,Product Management
904,Elli,Ogg,eoggp3@constantcontact.com,Female,Services
905,Pandora,Leaves,pleavesp4@fema.gov,Female,Sales
906,Thorn,Abbet,tabbetp5@smugmug.com,Female,Support
907,Terry,Kleinlerer,tkleinlererp6@ucoz.ru,Female,Accounting
908,Gerard,Calbreath,gcalbreathp7@mapy.cz,Female,Marketing
909,Forbes,Basant,fbasantp8@usatoday.com,Male,Engineering
910,Raphaela,Vell,rvellp9@sogou.com,Male,Training
911,Gaylene,Toby,gtobypa@tripadvisor.com,Male,Engineering
912,Wolfie,Tripett,wtripettpb@clickbank.net,Female,Training
913,Robinia,Aspy,raspypc@youtube.com,Female,Services
914,Gene,Caillou,gcailloupd@dagondesign.com,Female,Human Resources
915,Ingra,Jone,ijonepe@un.org,Male,Engineering
916,Tessie,Birkmyre,tbirkmyrepf@flavors.me,Male,Product Management
917,Beale,Mahaddy,bmahaddypg@meetup.com,Female,Legal
918,Prentice,Castellaccio,pcastellaccioph@naver.com,Female,Accounting
919,Roley,Benaine,rbenainepi@odnoklassniki.ru,Male,Services
920,Lay,Gummer,lgummerpj@tuttocitta.it,Male,Support
921,Chiarra,Laurence,claurencepk@yahoo.co.jp,Female,Support
922,Nicolina,Friberg,nfribergpl@google.com.br,Male,Sales
923,Gradeigh,Grzegorzewicz,ggrzegorzewiczpm@amazon.com,Male,Human Resources
924,Suzanne,Headington,sheadingtonpn@wikispaces.com,Female,Product Management
925,Albert,Gwinnett,agwinnettpo@odnoklassniki.ru,Male,Product Management
926,Elladine,Dillintone,edillintonepp@fda.gov,Female,Human Resources
927,Jordain,Carrington,jcarringtonpq@wikispaces.com,Male,Sales
928,Trina,Lidgely,tlidgelypr@parallels.com,Female,Support
929,Suzette,Pittson,spittsonps@disqus.com,Female,Accounting
930,Maggie,Dealy,mdealypt@princeton.edu,Female,Research and Development
931,Debbie,Pindred,dpindredpu@census.gov,Male,Marketing
932,Eldredge,O'Grada,eogradapv@bluehost.com,Male,Sales
933,Wilma,Carnalan,wcarnalanpw@businessinsider.com,Female,Legal
934,Arvin,O'Cannovane,aocannovanepx@mozilla.com,Female,Accounting
935,Tymon,Extence,textencepy@virginia.edu,Female,Training
936,Dorolice,Rizzini,drizzinipz@google.pl,Female,Legal
937,Violante,McDade,vmcdadeq0@google.co.uk,Female,Training
938,Deena,Sutty,dsuttyq1@surveymonkey.com,Female,Marketing
939,Andra,Isaacs,aisaacsq2@nsw.gov.au,Female,Accounting
940,Antin,Thirst,athirstq3@prlog.org,Male,Support
941,Janet,Phillis,jphillisq4@godaddy.com,Male,Marketing
942,Lanna,Clymo,lclymoq5@hud.gov,Male,Legal
943,Isis,World,iworldq6@ebay.co.uk,Female,Marketing
944,Maddie,Carlill,mcarlillq7@de.vu,Male,Training
945,Gael,Baggs,gbaggsq8@t.co,Male,Business Development
946,Rafaela,Ugoletti,rugolettiq9@tiny.cc,Female,Marketing
947,Cybil,Senecaux,csenecauxqa@boston.com,Female,Product Management
948,Hewett,Spellman,hspellmanqb@weebly.com,Female,Legal
949,Pooh,Shorthouse,pshorthouseqc@forbes.com,Male,Support
950,Alain,Shiell,ashiellqd@washingtonpost.com,Female,Business Development
951,Blane,Leaning,bleaningqe@nhs.uk,Female,Training
952,Ashleigh,Blinco,ablincoqf@pagesperso-orange.fr,Female,Product Management
953,Fern,Hickeringill,fhickeringillqg@naver.com,Female,Product Management
954,Paddie,Geaves,pgeavesqh@indiatimes.com,Male,Legal
955,Elonore,Tovey,etoveyqi@home.pl,Female,Legal
956,Ignacius,Minghetti,iminghettiqj@aboutads.info,Female,Research and Development
957,Cordi,Daley,cdaleyqk@t.co,Male,Engineering
958,Breanne,Coady,bcoadyql@booking.com,Female,Product Management
959,Reinaldo,Goggen,rgoggenqm@fc2.com,Female,Legal
960,Dasha,Robinette,drobinetteqn@tinypic.com,Female,Accounting
961,Hamnet,Vasilyev,hvasilyevqo@java.com,Male,Human Resources
962,Thurstan,Warrilow,twarrilowqp@surveymonkey.com,Male,Services
963,Cristionna,Reville,crevilleqq@redcross.org,Male,Marketing
964,Aimee,Gittoes,agittoesqr@cbsnews.com,Male,Training
965,Hirsch,Kmietsch,hkmietschqs@slideshare.net,Male,Services
966,Cosimo,Brou,cbrouqt@biblegateway.com,Female,Services
967,Jeff,Le Houx,jlehouxqu@liveinternet.ru,Male,Support
968,Dory,Pearson,dpearsonqv@github.com,Female,Support
969,Joye,Brain,jbrainqw@marketwatch.com,Male,Legal
970,Seka,Dagless,sdaglessqx@indiatimes.com,Male,Sales
971,Keane,Buggy,kbuggyqy@ucsd.edu,Female,Accounting
972,Lorelei,Leith,lleithqz@nih.gov,Male,Sales
973,Harriett,Corbitt,hcorbittr0@hibu.com,Male,Engineering
974,Licha,Mounfield,lmounfieldr1@usa.gov,Male,Business Development
975,Nicolina,Sheehan,nsheehanr2@bloomberg.com,Female,Product Management
976,Anissa,Glossop,aglossopr3@rediff.com,Male,Product Management
977,Lacee,Shoreson,lshoresonr4@youtu.be,Female,Legal
978,Shelbi,MacArthur,smacarthurr5@histats.com,Male,Product Management
979,Reggis,Willshear,rwillshearr6@networkadvertising.org,Female,Services
980,Jacqueline,Fourmy,jfourmyr7@nbcnews.com,Female,Product Management
981,Rossie,Kyffin,rkyffinr8@360.cn,Female,Engineering
982,Deborah,Overton,dovertonr9@nba.com,Male,Marketing
983,Thorvald,Taverner,ttavernerra@zimbio.com,Female,Accounting
984,Farly,Simkiss,fsimkissrb@nature.com,Male,Services
985,Willey,Wellbelove,wwellbeloverc@disqus.com,Female,Product Management
986,Tatiania,Kitchinghan,tkitchinghanrd@businessweek.com,Female,Business Development
987,Julius,Kilshall,jkilshallre@java.com,Male,Services
988,Erda,Vequaud,evequaudrf@hibu.com,Male,Legal
989,Ev,Clinning,eclinningrg@mashable.com,Female,Human Resources
990,Gradey,Kyberd,gkyberdrh@canalblog.com,Female,Training
991,Katey,Von Welden,kvonweldenri@ucsd.edu,Male,Business Development
992,Karlotte,Colmer,kcolmerrj@cam.ac.uk,Male,Accounting
993,Montague,Macci,mmaccirk@artisteer.com,Female,Training
994,Spenser,Mulgrew,smulgrewrl@dailymotion.com,Female,Services
995,Corabel,Rydings,crydingsrm@lycos.com,Female,Business Development
996,Maxy,Camosso,mcamossorn@parallels.com,Male,Business Development
997,Perice,Mount,pmountro@un.org,Female,Sales
998,Thomasa,Codi,tcodirp@miitbeian.gov.cn,Female,Product Management
999,Layla,Yushkov,lyushkovrq@cocolog-nifty.com,Female,Product Management
1000,Marcelline,Tett,mtettrr@ezinearticles.com,Female,Sales
