id,name,surname,email,gender,age,department
1,Gerhardine,Doust,gdoust0@google.it,Female,28,Legal
2,Patton,Antoniat,pantoniat1@lycos.com,Female,31,Research and Development
3,Helaine,Amphlett,hamphlett2@addtoany.com,Female,30,Human Resources
4,Pippy,Geffen,pgeffen3@nba.com,Female,36,Legal
5,Patin,Paireman,ppaireman4@seattletimes.com,Female,27,Training
6,Miran,Milan,mmilan5@noaa.gov,Female,62,Training
7,Winnie,Thacker,wthacker6@youku.com,Female,22,Support
8,Stace,De Atta,sdeatta7@economist.com,Female,47,Services
9,Bridie,Grammer,bgrammer8@cpanel.net,Male,24,Marketing
10,Annabel,Dingley,adingley9@yolasite.com,Female,29,Marketing
11,Henka,Dacey,hdaceya@wunderground.com,Male,61,Sales
12,Nesta,Warrington,nwarringtonb@yahoo.com,Male,57,Research and Development
13,Clyde,MacMoyer,cmacmoyerc@businesswire.com,Female,67,Product Management
14,Layney,Dosdell,ldosdelld@foxnews.com,Female,24,Training
15,Carlene,Grolmann,cgrolmanne@google.fr,Female,58,Human Resources
16,Feliza,Ruddy,fruddyf@gov.uk,Female,55,Legal
17,Julita,Gibb,jgibbg@unesco.org,Male,19,Accounting
18,Adamo,Fewlass,afewlassh@hexun.com,Male,60,Product Management
19,Adan,Denge,adengei@cafepress.com,Male,36,Sales
20,Caleb,Webberley,cwebberleyj@ifeng.com,Male,20,Research and Development
21,Arvie,Adamovsky,aadamovskyk@domainmarket.com,Male,69,Human Resources
22,Tamara,Corrao,tcorraol@reverbnation.com,Male,37,Support
23,Sigismund,Andryunin,sandryuninm@gizmodo.com,Male,43,Accounting
24,Arly,Sarfas,asarfasn@shutterfly.com,Female,19,Marketing
25,Fernando,Wilmington,fwilmingtono@businessweek.com,Female,47,Sales
26,Zuzana,Leitche,zleitchep@aol.com,Male,29,Marketing
27,Had,Lamden,hlamdenq@drupal.org,Male,45,Support
28,Drake,Belfelt,dbelfeltr@hostgator.com,Female,45,Engineering
29,Gwendolen,Tume,gtumes@discovery.com,Male,24,Human Resources
30,Morty,Farlham,mfarlhamt@nsw.gov.au,Male,25,Business Development
31,Barbra,Haskur,bhaskuru@g.co,Male,20,Services
32,Zacherie,Scrivens,zscrivensv@wikipedia.org,Female,52,Legal
33,Leeann,Georgeot,lgeorgeotw@usnews.com,Female,23,Training
34,Stewart,Burlingame,sburlingamex@netlog.com,Male,34,Accounting
35,Anstice,Tunnoch,atunnochy@edublogs.org,Female,37,Marketing
36,Rodger,Kemson,rkemsonz@whitehouse.gov,Male,56,Training
37,Matthieu,Dennison,mdennison10@wikipedia.org,Female,65,Training
38,Terri-jo,Basley,tbasley11@unblog.fr,Female,23,Engineering
39,Serena,Charlewood,scharlewood12@mapy.cz,Female,25,Human Resources
40,Jerrie,Martina,jmartina13@yale.edu,Male,68,Services
41,Jdavie,Margrie,jmargrie14@businesswire.com,Female,67,Training
42,Roslyn,Saban,rsaban15@ameblo.jp,Female,56,Business Development
43,Brander,Ghiron,bghiron16@sciencedaily.com,Male,55,Services
44,Griswold,Coton,gcoton17@tmall.com,Female,70,Sales
45,Rasla,Tong,rtong18@goodreads.com,Female,29,Engineering
46,Andy,MacLaverty,amaclaverty19@bloglines.com,Female,56,Services
47,Rodrigo,Morant,rmorant1a@ft.com,Female,67,Accounting
48,Winnie,Sambrok,wsambrok1b@harvard.edu,Female,47,Engineering
49,Fanya,Corrison,fcorrison1c@unc.edu,Female,26,Accounting
50,Ruy,Cobbing,rcobbing1d@bandcamp.com,Male,40,Research and Development
51,Alvin,Tolworth,atolworth1e@simplemachines.org,Female,47,Support
52,Weider,Giraldon,wgiraldon1f@abc.net.au,Male,60,Legal
53,Osbourn,Lathom,olathom1g@si.edu,Male,24,Marketing
54,Barnabas,Turrill,bturrill1h@flavors.me,Female,22,Business Development
55,Lidia,Ferri,lferri1i@utexas.edu,Male,49,Services
56,Walden,Sponton,wsponton1j@newyorker.com,Male,53,Sales
57,Charil,Gason,cgason1k@who.int,Male,22,Training
58,Nial,Ludye,nludye1l@about.me,Male,50,Training
59,Veriee,Idill,vidill1m@abc.net.au,Male,37,Engineering
60,Derby,Antrum,dantrum1n@prlog.org,Female,54,Sales
61,Verge,Probets,vprobets1o@msn.com,Male,51,Sales
62,Mannie,Measor,mmeasor1p@ucla.edu,Female,31,Product Management
63,Fredra,Fost,ffost1q@ezinearticles.com,Male,27,Research and Development
64,Meggie,Deacon,mdeacon1r@dropbox.com,Female,21,Services
65,Cassandra,Shernock,cshernock1s@smugmug.com,Female,34,Business Development
66,Andres,Gasparro,agasparro1t@geocities.jp,Female,61,Services
67,Ewell,Assaf,eassaf1u@hugedomains.com,Female,20,Research and Development
68,Carlye,Sargison,csargison1v@joomla.org,Male,61,Training
69,Donna,Girling,dgirling1w@techcrunch.com,Male,65,Business Development
70,Patton,Fiveash,pfiveash1x@jiathis.com,Female,64,Research and Development
71,Minnnie,Pamphilon,mpamphilon1y@pbs.org,Female,63,Support
72,Jedediah,Gwin,jgwin1z@redcross.org,Male,42,Accounting
73,Diann,Goneau,dgoneau20@cdbaby.com,Male,25,Product Management
74,Annamarie,Bitchener,abitchener21@toplist.cz,Male,36,Marketing
75,Floria,Triswell,ftriswell22@quantcast.com,Female,70,Business Development
76,Veda,Gullyes,vgullyes23@livejournal.com,Male,64,Accounting
77,Alley,Wandrack,awandrack24@myspace.com,Female,66,Support
78,Pauli,Breckell,pbreckell25@google.de,Female,31,Engineering
79,Lilia,Bartalot,lbartalot26@businessinsider.com,Male,55,Accounting
80,Jillian,Sanchis,jsanchis27@linkedin.com,Male,65,Human Resources
81,Dru,Gisburne,dgisburne28@nasa.gov,Female,63,Product Management
82,Aloysia,Tireman,atireman29@examiner.com,Female,50,Sales
83,Rudyard,Wahlberg,rwahlberg2a@arizona.edu,Female,51,Sales
84,Joshia,Potier,jpotier2b@meetup.com,Male,47,Sales
85,Judye,Downs,jdowns2c@devhub.com,Female,26,Legal
86,Lindy,Blyth,lblyth2d@ehow.com,Male,35,Accounting
87,Garik,Pentercost,gpentercost2e@linkedin.com,Male,18,Training
88,Kenneth,Axe,kaxe2f@gnu.org,Male,64,Training
89,Ettie,Jereatt,ejereatt2g@mapquest.com,Male,30,Engineering
90,Bartel,Stert,bstert2h@merriam-webster.com,Female,28,Human Resources
91,Xenia,Eastabrook,xeastabrook2i@ftc.gov,Female,70,Sales
92,Arliene,Kuschel,akuschel2j@house.gov,Male,56,Accounting
93,Claudine,Grundle,cgrundle2k@redcross.org,Male,31,Sales
94,Glennie,Skokoe,gskokoe2l@bbb.org,Male,38,Training
95,Karrah,Dawby,kdawby2m@ihg.com,Female,39,Sales
96,Bamby,McClelland,bmcclelland2n@mysql.com,Female,41,Support
97,Davon,Burbank,dburbank2o@yale.edu,Female,36,Product Management
98,Harriot,Renfield,hrenfield2p@freewebs.com,Female,25,Product Management
99,Terrijo,Baribal,tbaribal2q@mit.edu,Male,53,Research and Development
100,Shelley,Jobbings,sjobbings2r@imgur.com,Male,44,Sales
101,Collen,Dillet,cdillet2s@diigo.com,Female,22,Training
102,Daloris,Woodwind,dwoodwind2t@dion.ne.jp,Female,32,Human Resources
103,Dewie,Moorhouse,dmoorhouse2u@state.gov,Male,35,Business Development
104,Sissie,MacPhaden,smacphaden2v@usgs.gov,Male,53,Accounting
105,Ricca,Shuxsmith,rshuxsmith2w@so-net.ne.jp,Male,34,Support
106,Tresa,Schirak,tschirak2x@infoseek.co.jp,Female,41,Marketing
107,Thibaut,Sisneros,tsisneros2y@stanford.edu,Male,66,Support
108,Berta,Pavelka,bpavelka2z@cmu.edu,Male,63,Human Resources
109,Klara,Dyke,kdyke30@sciencedirect.com,Male,27,Product Management
110,Georgeta,Dubois,gdubois31@technorati.com,Male,56,Engineering
111,Vladamir,Yvens,vyvens32@mysql.com,Female,52,Marketing
112,Rebekkah,Stillman,rstillman33@apache.org,Male,68,Engineering
113,Barri,Bleier,bbleier34@vinaora.com,Female,44,Marketing
114,Monique,Spatari,mspatari35@nsw.gov.au,Female,28,Engineering
115,Garrek,Lehr,glehr36@bizjournals.com,Female,39,Business Development
116,Virginia,Jenking,vjenking37@sbwire.com,Male,42,Services
117,Maren,Castan,mcastan38@geocities.jp,Female,60,Marketing
118,Pauletta,Colbeck,pcolbeck39@flickr.com,Male,42,Research and Development
119,Sally,Vannacci,svannacci3a@netscape.com,Male,38,Marketing
120,Riane,Varker,rvarker3b@nps.gov,Female,61,Services
121,Peria,Pipet,ppipet3c@europa.eu,Female,44,Product Management
122,Ertha,Penas,epenas3d@irs.gov,Female,42,Product Management
123,Dunc,Binner,dbinner3e@livejournal.com,Male,52,Engineering
124,Tina,Perello,tperello3f@webmd.com,Male,58,Research and Development
125,Helge,Yarn,hyarn3g@purevolume.com,Female,19,Sales
126,Tobey,Anslow,tanslow3h@paypal.com,Female,45,Product Management
127,Wilden,Stanyan,wstanyan3i@godaddy.com,Female,69,Business Development
128,Archy,Estrella,aestrella3j@meetup.com,Female,52,Marketing
129,Renato,Tomeo,rtomeo3k@huffingtonpost.com,Male,38,Business Development
130,Nollie,Snazle,nsnazle3l@unblog.fr,Female,56,Engineering
131,Kristoforo,Senogles,ksenogles3m@hugedomains.com,Male,21,Support
132,Killy,Frantzeni,kfrantzeni3n@independent.co.uk,Female,50,Business Development
133,Gilligan,Sim,gsim3o@merriam-webster.com,Male,28,Research and Development
134,Phoebe,Margery,pmargery3p@edublogs.org,Female,38,Accounting
135,Odelia,Jurs,ojurs3q@domainmarket.com,Female,46,Marketing
136,Cedric,Lowres,clowres3r@dmoz.org,Female,32,Sales
137,Gerhardt,Swiers,gswiers3s@amazon.co.uk,Female,40,Marketing
138,Winnifred,Mc Combe,wmccombe3t@google.com.hk,Male,53,Accounting
139,Allegra,McPherson,amcpherson3u@thetimes.co.uk,Male,31,Sales
140,Leora,Massenhove,lmassenhove3v@usnews.com,Female,70,Business Development
141,Kamillah,Duncanson,kduncanson3w@hostgator.com,Male,34,Support
142,Dene,Dunrige,ddunrige3x@nbcnews.com,Female,49,Sales
143,Clarisse,Authers,cauthers3y@sina.com.cn,Male,39,Support
144,Rorie,Messom,rmessom3z@latimes.com,Male,63,Accounting
145,Andreana,Corby,acorby40@discovery.com,Female,37,Product Management
146,Ancell,Peers,apeers41@goo.ne.jp,Female,46,Business Development
147,Cherry,Adriaens,cadriaens42@ameblo.jp,Male,66,Support
148,Margy,McCaighey,mmccaighey43@amazon.co.uk,Female,46,Legal
149,Adey,Tirte,atirte44@instagram.com,Male,19,Support
150,Archambault,MacConneely,amacconneely45@mashable.com,Male,37,Human Resources
151,Van,MacElane,vmacelane46@un.org,Female,30,Engineering
152,Suzie,Minigo,sminigo47@theguardian.com,Female,57,Research and Development
153,Jeri,O'Dogherty,jodogherty48@shutterfly.com,Female,60,Research and Development
154,Ariana,Aikin,aaikin49@ca.gov,Male,26,Services
155,Sonja,De Meis,sdemeis4a@twitpic.com,Female,47,Training
156,Carver,Bellenie,cbellenie4b@etsy.com,Male,20,Research and Development
157,Barde,Foale,bfoale4c@ezinearticles.com,Male,18,Human Resources
158,Serene,Bromwich,sbromwich4d@trellian.com,Female,60,Business Development
159,Nealon,Sanpere,nsanpere4e@google.ca,Female,23,Accounting
160,Dulcine,Vaughton,dvaughton4f@who.int,Male,31,Human Resources
161,Gustave,Cordner,gcordner4g@yahoo.co.jp,Female,29,Human Resources
162,Boris,Strutley,bstrutley4h@zimbio.com,Male,42,Product Management
163,Aarika,Kewzick,akewzick4i@istockphoto.com,Female,28,Sales
164,Timmi,Skerme,tskerme4j@nps.gov,Male,66,Marketing
165,Randee,Sunners,rsunners4k@yelp.com,Male,55,Business Development
166,Carmelle,Smalles,csmalles4l@about.me,Female,26,Support
167,Aurelie,Stife,astife4m@facebook.com,Male,43,Training
168,Rori,Dixie,rdixie4n@paginegialle.it,Male,20,Business Development
169,Evita,Piffe,epiffe4o@sakura.ne.jp,Female,48,Engineering
170,Petrina,Hamsson,phamsson4p@yolasite.com,Female,20,Training
171,Stella,Satyford,ssatyford4q@comsenz.com,Female,34,Sales
172,Merline,Andrieux,mandrieux4r@hugedomains.com,Male,56,Research and Development
173,Berget,Boriston,bboriston4s@wikimedia.org,Female,41,Research and Development
174,Ricoriki,Harcus,rharcus4t@cnet.com,Male,67,Support
175,Eal,Blackmore,eblackmore4u@nba.com,Female,62,Services
176,Jacquelyn,Casetti,jcasetti4v@mozilla.com,Male,35,Engineering
177,Saxe,MacGiolla,smacgiolla4w@mit.edu,Female,49,Engineering
178,Yorgo,Lorrain,ylorrain4x@stumbleupon.com,Male,46,Sales
179,Randi,Pendrick,rpendrick4y@scribd.com,Male,53,Training
180,Jaynell,Tailour,jtailour4z@issuu.com,Female,25,Accounting
181,Patty,Simison,psimison50@about.me,Female,60,Legal
182,Marcellus,Willison,mwillison51@answers.com,Male,67,Product Management
183,Temp,Lecky,tlecky52@surveymonkey.com,Female,54,Services
184,Mahalia,Yve,myve53@fema.gov,Female,23,Sales
185,Boony,Ower,bower54@auda.org.au,Female,20,Marketing
186,Junette,Valentin,jvalentin55@ocn.ne.jp,Female,28,Engineering
187,Lorry,Aisthorpe,laisthorpe56@themeforest.net,Male,63,Marketing
188,Trev,Shirlaw,tshirlaw57@wikimedia.org,Female,23,Accounting
189,Sela,Jillions,sjillions58@dyndns.org,Male,57,Services
190,Anatol,Rushbrooke,arushbrooke59@ycombinator.com,Female,23,Marketing
191,Pauli,Gouldthorp,pgouldthorp5a@yellowbook.com,Male,51,Services
192,Aubry,Peacop,apeacop5b@gmpg.org,Male,57,Legal
193,Angel,Mannin,amannin5c@statcounter.com,Female,55,Engineering
194,Edita,Scobbie,escobbie5d@comsenz.com,Female,41,Research and Development
195,Madelon,Doche,mdoche5e@home.pl,Male,29,Product Management
196,Clementina,O'Shiels,coshiels5f@t.co,Female,48,Human Resources
197,Terrell,De La Salle,tdelasalle5g@wikispaces.com,Female,39,Human Resources
198,Kerwin,Widdowson,kwiddowson5h@huffingtonpost.com,Female,32,Product Management
199,Lucky,Ellershaw,lellershaw5i@xinhuanet.com,Female,18,Accounting
200,Neile,Clancey,nclancey5j@yahoo.com,Female,30,Accounting
201,Karna,Brunini,kbrunini5k@eepurl.com,Male,61,Services
202,Myrtia,Moult,mmoult5l@stumbleupon.com,Female,19,Sales
203,Marten,Roalfe,mroalfe5m@hc360.com,Male,19,Support
204,Natty,Swale,nswale5n@usnews.com,Male,19,Legal
205,Roxanna,Mulvy,rmulvy5o@slashdot.org,Female,51,Engineering
206,Frederique,Girton,fgirton5p@angelfire.com,Male,62,Research and Development
207,Marlo,Bedinn,mbedinn5q@illinois.edu,Male,35,Services
208,Aaren,Greensitt,agreensitt5r@macromedia.com,Male,48,Engineering
209,Roz,Mothersdale,rmothersdale5s@time.com,Male,58,Legal
210,Archibaldo,Finder,afinder5t@usa.gov,Male,59,Sales
211,Erin,Kynge,ekynge5u@blogspot.com,Male,36,Training
212,Franciskus,Oki,foki5v@linkedin.com,Female,70,Legal
213,Brod,Bonson,bbonson5w@symantec.com,Male,56,Business Development
214,Jany,Muncer,jmuncer5x@nymag.com,Female,54,Accounting
215,Beale,Dilliway,bdilliway5y@webs.com,Female,20,Human Resources
216,Birch,Hanshaw,bhanshaw5z@ox.ac.uk,Male,31,Marketing
217,Annora,Ubsdell,aubsdell60@java.com,Male,70,Sales
218,Any,Genty,agenty61@sphinn.com,Female,25,Legal
219,Bartel,Bode,bbode62@harvard.edu,Female,25,Support
220,Fidelia,Kissell,fkissell63@si.edu,Male,21,Product Management
221,Candra,Ceely,cceely64@ustream.tv,Female,62,Research and Development
222,Star,Gowanson,sgowanson65@discuz.net,Female,24,Sales
223,Marion,Etherington,metherington66@spiegel.de,Male,69,Engineering
224,Paulina,Seeman,pseeman67@odnoklassniki.ru,Female,60,Training
225,Patrice,Peet,ppeet68@techcrunch.com,Male,39,Human Resources
226,Rudy,Behrendsen,rbehrendsen69@xrea.com,Female,42,Support
227,Ramona,Blaza,rblaza6a@google.com.au,Male,47,Human Resources
228,Sollie,Corkill,scorkill6b@yelp.com,Female,24,Services
229,Abie,Potticary,apotticary6c@goodreads.com,Female,43,Human Resources
230,Tye,Thomerson,tthomerson6d@tumblr.com,Male,61,Human Resources
231,Emiline,Longfellow,elongfellow6e@mozilla.com,Female,24,Human Resources
232,Towny,Balfe,tbalfe6f@devhub.com,Female,63,Business Development
233,Nell,Gyngyll,ngyngyll6g@pagesperso-orange.fr,Female,62,Research and Development
234,Meridel,Seven,mseven6h@gnu.org,Female,39,Human Resources
235,Elsworth,Grocock,egrocock6i@infoseek.co.jp,Female,70,Training
236,Mariele,Cush,mcush6j@photobucket.com,Female,50,Legal
237,Donovan,Lemmen,dlemmen6k@tiny.cc,Male,19,Support
238,Ulrike,Wawer,uwawer6l@cornell.edu,Female,29,Services
239,Danette,Poyle,dpoyle6m@princeton.edu,Female,22,Support
240,Tucker,Brixey,tbrixey6n@tripod.com,Female,65,Human Resources
241,Harmonie,Winscum,hwinscum6o@latimes.com,Female,40,Product Management
242,Cristin,Baert,cbaert6p@bing.com,Male,56,Research and Development
243,Oriana,Suche,osuche6q@dailymail.co.uk,Female,52,Support
244,Lynnette,Dundon,ldundon6r@xing.com,Female,47,Accounting
245,Zack,Burnhard,zburnhard6s@foxnews.com,Male,41,Training
246,Sander,Tarr,starr6t@ucoz.ru,Female,41,Legal
247,Selie,Sutch,ssutch6u@sogou.com,Male,63,Services
248,Ernestine,Recher,erecher6v@independent.co.uk,Male,45,Engineering
249,Bartholemy,Dougal,bdougal6w@mediafire.com,Female,19,Research and Development
250,Ulla,Palfreyman,upalfreyman6x@dagondesign.com,Male,51,Accounting
251,Morty,Krishtopaittis,mkrishtopaittis6y@com.com,Male,65,Product Management
252,Colene,Letteresse,cletteresse6z@wired.com,Male,40,Accounting
253,Darice,Coot,dcoot70@tinyurl.com,Male,37,Human Resources
254,Rosalia,Sansam,rsansam71@netscape.com,Male,56,Product Management
255,Gleda,Eborall,geborall72@craigslist.org,Female,46,Product Management
256,Maribelle,Clucas,mclucas73@google.ru,Female,50,Engineering
257,Danell,Balaisot,dbalaisot74@webeden.co.uk,Female,63,Training
258,Loleta,Eye,leye75@baidu.com,Male,50,Legal
259,Enid,Redemile,eredemile76@squarespace.com,Male,64,Business Development
260,Zacharie,D'Aulby,zdaulby77@hatena.ne.jp,Male,53,Legal
261,Roseline,Boys,rboys78@dedecms.com,Female,60,Training
262,Cornelia,Gadsden,cgadsden79@icio.us,Female,24,Business Development
263,Harrison,Maneylaws,hmaneylaws7a@twitpic.com,Female,58,Research and Development
264,Reggie,Sainsberry,rsainsberry7b@myspace.com,Female,21,Human Resources
265,Marie-jeanne,Lewerenz,mlewerenz7c@seesaa.net,Male,31,Accounting
266,Dot,Gehrts,dgehrts7d@edublogs.org,Male,45,Sales
267,Avictor,Ashbey,aashbey7e@comcast.net,Male,36,Marketing
268,Amelita,Ruberti,aruberti7f@odnoklassniki.ru,Female,31,Engineering
269,Joya,Du Pre,jdupre7g@hhs.gov,Female,47,Sales
270,Neils,MacIan,nmacian7h@skyrock.com,Male,30,Marketing
271,Nobe,Barlie,nbarlie7i@webnode.com,Female,38,Training
272,Nehemiah,Fenimore,nfenimore7j@delicious.com,Male,59,Research and Development
273,Winna,Kempstone,wkempstone7k@xrea.com,Female,49,Engineering
274,Tedra,Roaf,troaf7l@unblog.fr,Female,56,Business Development
275,Sidoney,Oller,soller7m@yale.edu,Female,70,Product Management
276,Derward,Moisey,dmoisey7n@utexas.edu,Male,37,Legal
277,Francisca,Lenz,flenz7o@nydailynews.com,Female,68,Training
278,Mal,Darcey,mdarcey7p@miibeian.gov.cn,Male,35,Business Development
279,Phaidra,Uman,puman7q@ustream.tv,Male,30,Support
280,Neale,Krelle,nkrelle7r@businesswire.com,Male,65,Business Development
281,Kippie,Krammer,kkrammer7s@printfriendly.com,Male,65,Business Development
282,Patsy,Eppson,peppson7t@instagram.com,Male,49,Legal
283,Antoni,Tilliard,atilliard7u@discuz.net,Female,22,Research and Development
284,Kipp,Gilfillan,kgilfillan7v@histats.com,Male,51,Services
285,Ian,Cabrera,icabrera7w@usatoday.com,Female,29,Marketing
286,Rockie,Willsmore,rwillsmore7x@icq.com,Female,21,Support
287,Hill,Blanko,hblanko7y@reference.com,Male,62,Services
288,Maxie,Rea,mrea7z@nymag.com,Male,51,Research and Development
289,Dermot,Sapsed,dsapsed80@theglobeandmail.com,Male,51,Product Management
290,Mallissa,Slatten,mslatten81@i2i.jp,Female,56,Engineering
291,Essa,Faull,efaull82@eventbrite.com,Female,52,Research and Development
292,Roman,Kornalik,rkornalik83@jigsy.com,Male,62,Human Resources
293,Meggi,Beasley,mbeasley84@latimes.com,Female,48,Accounting
294,Izabel,Boater,iboater85@google.com.br,Female,65,Product Management
295,Todd,Comusso,tcomusso86@mayoclinic.com,Male,64,Research and Development
296,Gabriel,Tee,gtee87@skyrock.com,Female,32,Legal
297,Roma,Berrygun,rberrygun88@google.com,Female,53,Accounting
298,Willi,Vasquez,wvasquez89@state.gov,Male,28,Research and Development
299,Tally,Slyde,tslyde8a@github.com,Male,38,Training
300,Clarette,Pallaske,cpallaske8b@jimdo.com,Female,38,Research and Development
301,Wilhelmina,Sibun,wsibun8c@delicious.com,Female,32,Marketing
302,Phillipe,Slinger,pslinger8d@census.gov,Male,59,Legal
303,Roman,Filochov,rfilochov8e@discovery.com,Male,18,Product Management
304,Victoria,Denzey,vdenzey8f@amazon.co.uk,Female,50,Services
305,Maddy,O'Hingerty,mohingerty8g@scientificamerican.com,Female,37,Services
306,Far,Sabati,fsabati8h@who.int,Female,23,Support
307,Thorsten,Jest,tjest8i@cam.ac.uk,Male,64,Research and Development
308,Moore,Bowhay,mbowhay8j@blog.com,Female,41,Human Resources
309,Josephina,Player,jplayer8k@salon.com,Female,66,Research and Development
310,Ulrich,Rhoades,urhoades8l@mozilla.org,Female,40,Human Resources
311,Elonore,Beeres,ebeeres8m@reference.com,Female,69,Accounting
312,Marigold,Bucktharp,mbucktharp8n@vinaora.com,Male,56,Accounting
313,Danya,Burren,dburren8o@parallels.com,Female,19,Engineering
314,Claude,Scain,cscain8p@ihg.com,Female,31,Research and Development
315,Herbie,Evers,hevers8q@tuttocitta.it,Female,59,Support
316,Craggie,Dacke,cdacke8r@drupal.org,Female,67,Legal
317,Hubert,Mowat,hmowat8s@webmd.com,Male,60,Business Development
318,Virgil,Treuge,vtreuge8t@hud.gov,Female,55,Business Development
319,Jasun,Pettitt,jpettitt8u@twitter.com,Male,52,Research and Development
320,Dede,Hurworth,dhurworth8v@mail.ru,Female,55,Legal
321,Nanette,Brumbie,nbrumbie8w@scribd.com,Female,33,Human Resources
322,Cornelius,Joynson,cjoynson8x@time.com,Male,59,Marketing
323,Bentley,Klimentyev,bklimentyev8y@state.gov,Male,54,Marketing
324,Flint,Deas,fdeas8z@thetimes.co.uk,Male,66,Training
325,Arleen,Gudd,agudd90@fastcompany.com,Female,65,Sales
326,Benni,Hammelberg,bhammelberg91@cpanel.net,Male,51,Human Resources
327,Shina,Bish,sbish92@rediff.com,Female,69,Human Resources
328,Antonella,Regorz,aregorz93@dedecms.com,Male,29,Marketing
329,Tyne,Dowson,tdowson94@elegantthemes.com,Male,32,Marketing
330,Cory,Jadczak,cjadczak95@jimdo.com,Female,46,Product Management
331,Antons,Ugolini,augolini96@oakley.com,Male,40,Legal
332,Virgina,Walbridge,vwalbridge97@dion.ne.jp,Female,50,Engineering
333,Thorin,Dawidowsky,tdawidowsky98@github.io,Male,32,Human Resources
334,Juli,Seeking,jseeking99@youtu.be,Female,48,Support
335,Teri,Cock,tcock9a@pen.io,Female,43,Services
336,Gran,Bene,gbene9b@instagram.com,Male,56,Research and Development
337,Maximo,Beswell,mbeswell9c@irs.gov,Female,26,Business Development
338,Hilliard,Nyssen,hnyssen9d@dropbox.com,Female,24,Training
339,Geoffrey,Hatchell,ghatchell9e@free.fr,Male,55,Human Resources
340,Fanya,Anshell,fanshell9f@oakley.com,Male,69,Research and Development
341,Cody,cornhill,ccornhill9g@uiuc.edu,Male,22,Support
342,Gabrila,Ivell,givell9h@odnoklassniki.ru,Female,60,Services
343,Lib,Kollas,lkollas9i@utexas.edu,Female,50,Services
344,Jerrilee,Liebmann,jliebmann9j@va.gov,Male,43,Training
345,Alley,Hurne,ahurne9k@elpais.com,Male,62,Engineering
346,Barnett,Killbey,bkillbey9l@weibo.com,Female,58,Training
347,Harli,Mauro,hmauro9m@a8.net,Female,67,Services
348,Emmett,Moulster,emoulster9n@stumbleupon.com,Female,35,Human Resources
349,Chrissy,Keighly,ckeighly9o@pagesperso-orange.fr,Male,32,Accounting
350,Cherin,Quig,cquig9p@whitehouse.gov,Female,58,Research and Development
351,Bettine,Sisley,bsisley9q@reverbnation.com,Female,39,Marketing
352,Anne,Harness,aharness9r@so-net.ne.jp,Male,54,Product Management
353,Wang,Rozsa,wrozsa9s@youtube.com,Female,34,Support
354,Laurice,Ridgley,lridgley9t@jalbum.net,Male,34,Training
355,Fernande,Vosse,fvosse9u@seattletimes.com,Female,49,Services
356,Terza,Marrington,tmarrington9v@mashable.com,Female,48,Legal
357,Genvieve,Sibbons,gsibbons9w@weibo.com,Male,62,Legal
358,Colver,Defty,cdefty9x@yelp.com,Male,23,Marketing
359,Selia,Whitechurch,swhitechurch9y@over-blog.com,Female,61,Training
360,Brendan,Isaq,bisaq9z@mtv.com,Male,45,Engineering
361,Jo,Mowbury,jmowburya0@amazon.co.jp,Female,24,Accounting
362,Wynny,Rosencrantz,wrosencrantza1@goodreads.com,Male,44,Legal
363,Travus,Marrett,tmarretta2@facebook.com,Male,44,Product Management
364,Alfredo,Overstall,aoverstalla3@wordpress.com,Female,35,Accounting
365,Lancelot,Rabjohns,lrabjohnsa4@google.co.uk,Male,45,Business Development
366,Alene,Welton,aweltona5@comsenz.com,Male,38,Legal
367,Ida,Wanell,iwanella6@accuweather.com,Female,42,Human Resources
368,Chantal,Dudding,cduddinga7@cloudflare.com,Male,65,Support
369,Almire,Schafer,aschafera8@theglobeandmail.com,Male,25,Business Development
370,Ethelind,Rentelll,erentellla9@washington.edu,Male,67,Accounting
371,Portia,Enderson,pendersonaa@wordpress.org,Male,52,Accounting
372,Doy,Connew,dconnewab@biglobe.ne.jp,Male,30,Accounting
373,Diannne,Greystoke,dgreystokeac@uol.com.br,Male,21,Product Management
374,Michelle,Sainsberry,msainsberryad@123-reg.co.uk,Male,67,Research and Development
375,Kylynn,Hankins,khankinsae@fastcompany.com,Male,68,Sales
376,Pernell,Romain,promainaf@163.com,Female,50,Sales
377,Greggory,Eastwell,geastwellag@w3.org,Male,25,Business Development
378,Andre,O'Cullinane,aocullinaneah@indiegogo.com,Male,26,Training
379,Cobby,D'Oyley,cdoyleyai@irs.gov,Female,68,Research and Development
380,Dermot,Gordon,dgordonaj@mozilla.com,Female,33,Services
381,Cathe,De Carteret,cdecarteretak@typepad.com,Male,33,Product Management
382,Julissa,Sherar,jsheraral@europa.eu,Male,41,Accounting
383,Torey,Forward,tforwardam@rambler.ru,Female,43,Support
384,Erhard,Ilsley,eilsleyan@earthlink.net,Female,57,Sales
385,Rosa,Chrismas,rchrismasao@miibeian.gov.cn,Male,37,Product Management
386,Esme,Enrrico,eenrricoap@histats.com,Female,42,Research and Development
387,Cris,Klemensiewicz,cklemensiewiczaq@dot.gov,Male,33,Business Development
388,Debby,Rosenschein,drosenscheinar@behance.net,Male,20,Support
389,Isak,Fellibrand,ifellibrandas@vimeo.com,Female,51,Support
390,Lanita,Isworth,lisworthat@huffingtonpost.com,Male,57,Accounting
391,Brooks,Perin,bperinau@myspace.com,Male,68,Support
392,Louisette,Guyonnet,lguyonnetav@ed.gov,Female,30,Research and Development
393,Kort,Poznan,kpoznanaw@earthlink.net,Male,61,Product Management
394,Chelsae,MacKeague,cmackeagueax@bloomberg.com,Male,21,Product Management
395,Adrianne,Geistbeck,ageistbeckay@businesswire.com,Male,50,Business Development
396,Nap,Lote,nloteaz@hhs.gov,Male,36,Engineering
397,Lucilia,Gell,lgellb0@moonfruit.com,Male,20,Business Development
398,Delly,Phethean,dphetheanb1@wsj.com,Male,44,Engineering
399,Constancia,Lidyard,clidyardb2@mlb.com,Female,41,Human Resources
400,Annabella,Tomkies,atomkiesb3@usa.gov,Male,37,Business Development
401,Bernice,Fligg,bfliggb4@ovh.net,Male,42,Engineering
402,Glynn,Austin,gaustinb5@nba.com,Male,38,Legal
403,Tawnya,Ackwood,tackwoodb6@java.com,Female,37,Sales
404,Jesse,Millea,jmilleab7@uol.com.br,Female,26,Engineering
405,Barton,Postlewhite,bpostlewhiteb8@mlb.com,Female,60,Training
406,Tom,McCalum,tmccalumb9@ow.ly,Female,68,Human Resources
407,Caprice,Whitebrook,cwhitebrookba@friendfeed.com,Female,23,Sales
408,Roxanna,Baswall,rbaswallbb@google.fr,Female,65,Legal
409,Renato,Powder,rpowderbc@sitemeter.com,Male,68,Support
410,Tommy,O'Gormley,togormleybd@purevolume.com,Female,30,Sales
411,Zelig,Enrrico,zenrricobe@mit.edu,Male,62,Engineering
412,Trev,Gathwaite,tgathwaitebf@smugmug.com,Male,28,Research and Development
413,Analiese,Espinosa,aespinosabg@yellowbook.com,Female,67,Research and Development
414,Rennie,Goutcher,rgoutcherbh@pinterest.com,Male,55,Services
415,Mackenzie,Frondt,mfrondtbi@mit.edu,Male,57,Engineering
416,Elsinore,Clotworthy,eclotworthybj@soundcloud.com,Female,22,Research and Development
417,Sheela,Limrick,slimrickbk@discovery.com,Female,56,Human Resources
418,Randene,Gallier,rgallierbl@ucsd.edu,Male,47,Services
419,Lyda,Fowley,lfowleybm@elpais.com,Male,62,Training
420,Tadeas,Gurnee,tgurneebn@mit.edu,Female,49,Services
421,Justus,Drysdell,jdrysdellbo@shinystat.com,Male,42,Legal
422,Hermy,Gheorghescu,hgheorghescubp@foxnews.com,Female,43,Legal
423,Ddene,Jensen,djensenbq@w3.org,Male,61,Research and Development
424,Farr,Mounsie,fmounsiebr@npr.org,Female,34,Support
425,Enrichetta,Grigaut,egrigautbs@seattletimes.com,Female,51,Marketing
426,Kelvin,Soutter,ksoutterbt@sbwire.com,Female,55,Engineering
427,Gilburt,Marioneau,gmarioneaubu@patch.com,Male,40,Sales
428,Derk,Hurle,dhurlebv@newyorker.com,Male,38,Marketing
429,Thedrick,Degli Antoni,tdegliantonibw@abc.net.au,Female,26,Services
430,Brook,Van Ross,bvanrossbx@ask.com,Female,22,Human Resources
431,Seka,Cutteridge,scutteridgeby@unesco.org,Female,44,Services
432,Rey,Walkington,rwalkingtonbz@ask.com,Female,41,Training
433,Adara,Peggram,apeggramc0@uol.com.br,Female,29,Services
434,Ase,Tollerfield,atollerfieldc1@dot.gov,Female,29,Services
435,Ellwood,Pikett,epikettc2@privacy.gov.au,Male,61,Sales
436,Dacie,Maggs,dmaggsc3@blogger.com,Male,53,Research and Development
437,Baxy,Baddam,bbaddamc4@mtv.com,Female,21,Marketing
438,Goldina,Habbershon,ghabbershonc5@usatoday.com,Male,66,Product Management
439,Patrice,O'Sharkey,posharkeyc6@sohu.com,Male,31,Legal
440,Hillary,Lafford,hlaffordc7@w3.org,Female,61,Marketing
441,Fernande,Proger,fprogerc8@netvibes.com,Male,55,Human Resources
442,Lita,Fratson,lfratsonc9@last.fm,Male,35,Engineering
443,Diarmid,Prandi,dprandica@lulu.com,Female,60,Training
444,Moss,Sandcroft,msandcroftcb@a8.net,Male,63,Training
445,Caitrin,McCloud,cmccloudcc@wikia.com,Male,44,Product Management
446,Remington,Jepps,rjeppscd@mayoclinic.com,Female,26,Human Resources
447,Sibyl,Gilbody,sgilbodyce@bigcartel.com,Male,41,Research and Development
448,Svend,Damper,sdampercf@go.com,Female,24,Services
449,Elinor,Demkowicz,edemkowiczcg@china.com.cn,Female,41,Accounting
450,Alverta,Dripp,adrippch@icio.us,Male,64,Legal
451,Cassandry,Eakeley,ceakeleyci@twitter.com,Female,53,Services
452,Joela,Juares,jjuarescj@pagesperso-orange.fr,Female,24,Support
453,Stefa,Malden,smaldenck@cbsnews.com,Female,64,Support
454,Eva,Turner,eturnercl@geocities.com,Female,65,Human Resources
455,Merrick,Maceur,mmaceurcm@narod.ru,Male,55,Human Resources
456,Dukey,Truluck,dtruluckcn@techcrunch.com,Female,52,Engineering
457,Rosmunda,Mewe,rmeweco@a8.net,Female,36,Marketing
458,Kasper,McCarney,kmccarneycp@arstechnica.com,Male,61,Legal
459,Banky,Eneas,beneascq@drupal.org,Female,31,Services
460,Abelard,Banasevich,abanasevichcr@barnesandnoble.com,Male,28,Product Management
461,Corinne,Passe,cpassecs@eepurl.com,Male,55,Legal
462,Alayne,Soff,asoffct@networksolutions.com,Male,34,Engineering
463,Tobiah,Molan,tmolancu@hubpages.com,Female,57,Training
464,Kelsi,Sandeman,ksandemancv@sakura.ne.jp,Male,70,Research and Development
465,Kassia,Dofty,kdoftycw@merriam-webster.com,Male,35,Engineering
466,Berri,Caslane,bcaslanecx@fotki.com,Female,29,Services
467,Cristina,Cobon,ccoboncy@cmu.edu,Male,38,Human Resources
468,Desmond,Santostefano.,dsantostefanocz@simplemachines.org,Male,28,Support
469,Natala,Durie,nduried0@desdev.cn,Male,63,Legal
470,Zelig,Sallter,zsallterd1@mail.ru,Female,54,Engineering
471,Moyra,Rubenovic,mrubenovicd2@globo.com,Male,25,Business Development
472,Terra,Wigglesworth,twigglesworthd3@scientificamerican.com,Female,54,Marketing
473,Lissy,Donisi,ldonisid4@cisco.com,Male,52,Legal
474,Brandyn,Topes,btopesd5@intel.com,Male,30,Accounting
475,Tyne,Stieger,tstiegerd6@usatoday.com,Female,40,Human Resources
476,Gussy,Pflieger,gpfliegerd7@cocolog-nifty.com,Male,56,Human Resources
477,Tedda,Jopke,tjopked8@dion.ne.jp,Female,19,Services
478,Kimmi,MacFadden,kmacfaddend9@yahoo.com,Female,52,Sales
479,Garth,Penelli,gpenellida@indiatimes.com,Male,44,Research and Development
480,Maurene,Warn,mwarndb@apache.org,Male,22,Business Development
481,Alameda,Ruddin,aruddindc@who.int,Male,62,Marketing
482,Garrek,Detheridge,gdetheridgedd@ox.ac.uk,Male,33,Support
483,Catherin,Casford,ccasfordde@instagram.com,Male,26,Human Resources
484,Sharai,Abotson,sabotsondf@tamu.edu,Male,61,Engineering
485,Adore,McAlinden,amcalindendg@weather.com,Male,22,Research and Development
486,Karita,Newham,knewhamdh@plala.or.jp,Female,27,Accounting
487,Trudey,Morecomb,tmorecombdi@barnesandnoble.com,Female,32,Support
488,Ivy,Caven,icavendj@si.edu,Male,69,Sales
489,Heloise,Stockey,hstockeydk@de.vu,Male,21,Training
490,Cedric,Victoria,cvictoriadl@plala.or.jp,Male,19,Research and Development
491,Marleah,Demchen,mdemchendm@jimdo.com,Male,38,Services
492,Deborah,Klass,dklassdn@digg.com,Female,41,Accounting
493,Marrilee,Humbee,mhumbeedo@hubpages.com,Female,59,Legal
494,Noland,Muglestone,nmuglestonedp@tuttocitta.it,Male,66,Support
495,Oby,Bellefant,obellefantdq@flickr.com,Female,68,Human Resources
496,Shelly,Aberdeen,saberdeendr@eventbrite.com,Male,42,Accounting
497,Carlie,Tedahl,ctedahlds@smugmug.com,Female,67,Legal
498,Cassandre,Elsby,celsbydt@hao123.com,Male,42,Accounting
499,Reiko,Paget,rpagetdu@hugedomains.com,Female,31,Human Resources
500,Gerome,Wortt,gworttdv@discovery.com,Male,31,Legal
501,Lombard,Kreuzer,lkreuzerdw@lycos.com,Male,66,Business Development
502,Maggy,Burree,mburreedx@spiegel.de,Male,51,Sales
503,Hillie,Tanfield,htanfielddy@mtv.com,Female,60,Training
504,Brett,Drees,bdreesdz@ebay.com,Male,64,Research and Development
505,Kelsi,Prudham,kprudhame0@cnet.com,Female,56,Research and Development
506,Priscilla,Cratchley,pcratchleye1@gnu.org,Female,61,Support
507,Raimundo,Espadero,respaderoe2@time.com,Female,42,Engineering
508,Stanton,Wasselin,swasseline3@umich.edu,Female,58,Engineering
509,Danika,Gateman,dgatemane4@cafepress.com,Male,63,Research and Development
510,Cherise,Readie,creadiee5@slate.com,Female,50,Human Resources
511,Evvy,McShirrie,emcshirriee6@mail.ru,Female,52,Engineering
512,Floyd,Stranaghan,fstranaghane7@amazon.co.jp,Male,24,Services
513,Sisely,Mossbee,smossbeee8@trellian.com,Female,62,Human Resources
514,Timotheus,Mooring,tmooringe9@fastcompany.com,Male,62,Accounting
515,Ham,Headrick,hheadrickea@gizmodo.com,Female,34,Product Management
516,Hetty,Kubasiewicz,hkubasiewiczeb@ucla.edu,Male,52,Legal
517,Shannah,Attenbarrow,sattenbarrowec@stanford.edu,Male,28,Marketing
518,Lynn,O'Halleghane,lohalleghaneed@about.me,Female,67,Research and Development
519,Rolland,Belmont,rbelmontee@craigslist.org,Male,48,Marketing
520,Giacinta,Sperrett,gsperrettef@ted.com,Male,61,Services
521,Shayna,Thatcher,sthatchereg@wikimedia.org,Female,49,Legal
522,Sly,Borrett,sborretteh@flavors.me,Male,49,Engineering
523,Lyon,Classen,lclassenei@miitbeian.gov.cn,Female,41,Services
524,Kimbell,Haythorne,khaythorneej@soundcloud.com,Female,20,Product Management
525,Josias,Du Fray,jdufrayek@bbc.co.uk,Male,50,Engineering
526,Chrissy,Clementet,cclementetel@etsy.com,Male,45,Research and Development
527,Bobinette,Allsep,ballsepem@icio.us,Male,62,Accounting
528,Erhard,Dorsey,edorseyen@businessinsider.com,Male,26,Accounting
529,Gerhardine,Rayer,grayereo@youtube.com,Male,61,Marketing
530,Kara-lynn,Marskell,kmarskellep@feedburner.com,Male,24,Research and Development
531,Mia,Kurdani,mkurdanieq@newyorker.com,Male,60,Services
532,Mycah,Poolman,mpoolmaner@wufoo.com,Female,44,Engineering
533,Verla,Ghilardini,vghilardinies@webeden.co.uk,Male,20,Product Management
534,Kermy,Graysmark,kgraysmarket@discovery.com,Male,53,Product Management
535,Farrand,Lewtey,flewteyeu@1und1.de,Male,39,Legal
536,Benyamin,Wretham,bwrethamev@linkedin.com,Female,48,Accounting
537,Rowan,Bresland,rbreslandew@yahoo.co.jp,Female,37,Human Resources
538,Jillayne,Pegrum,jpegrumex@freewebs.com,Male,21,Research and Development
539,Hollis,Jeacop,hjeacopey@seesaa.net,Female,53,Product Management
540,Linoel,Dignan,ldignanez@hibu.com,Male,40,Marketing
541,Obidiah,Carl,ocarlf0@netlog.com,Male,39,Human Resources
542,Bent,Reschke,breschkef1@bandcamp.com,Male,57,Support
543,Cynthea,Bagenal,cbagenalf2@auda.org.au,Male,31,Marketing
544,Cherin,Baterip,cbateripf3@eventbrite.com,Female,40,Human Resources
545,Nada,Dykas,ndykasf4@sourceforge.net,Male,67,Sales
546,Heinrick,Eyre,heyref5@topsy.com,Female,68,Support
547,Damaris,Mitten,dmittenf6@hp.com,Male,33,Sales
548,Angie,Chrichton,achrichtonf7@vkontakte.ru,Male,22,Research and Development
549,Elmer,Haglinton,ehaglintonf8@home.pl,Female,65,Training
550,Micki,Sugg,msuggf9@macromedia.com,Male,31,Services
551,Jodee,Woodlands,jwoodlandsfa@1688.com,Female,44,Engineering
552,Angel,Acreman,aacremanfb@disqus.com,Male,27,Engineering
553,Kirby,Hutten,khuttenfc@wikimedia.org,Male,18,Product Management
554,Susette,Samsworth,ssamsworthfd@dyndns.org,Female,38,Sales
555,Bentlee,Millott,bmillottfe@slate.com,Male,19,Accounting
556,Adler,Marrow,amarrowff@netvibes.com,Female,27,Accounting
557,Aleta,Spriggen,aspriggenfg@mlb.com,Male,25,Services
558,Katharine,Bortolotti,kbortolottifh@youtu.be,Male,49,Product Management
559,Catlaina,Anney,canneyfi@ustream.tv,Male,45,Training
560,Katharine,Tremblet,ktrembletfj@blogtalkradio.com,Female,49,Product Management
561,Claudie,Abrahamoff,cabrahamofffk@g.co,Male,51,Support
562,Webster,Circuit,wcircuitfl@adobe.com,Male,39,Legal
563,Anny,Bonehill,abonehillfm@lulu.com,Male,29,Business Development
564,Joelie,McGonigle,jmcgoniglefn@so-net.ne.jp,Male,53,Research and Development
565,Mahmud,Antrum,mantrumfo@odnoklassniki.ru,Female,61,Accounting
566,Robenia,Hully,rhullyfp@techcrunch.com,Male,33,Sales
567,Ermina,Tompkin,etompkinfq@umich.edu,Male,66,Support
568,Luella,Laven,llavenfr@google.com,Female,23,Training
569,Marthe,Havile,mhavilefs@123-reg.co.uk,Female,59,Services
570,Linette,Saterthwait,lsaterthwaitft@sakura.ne.jp,Female,70,Engineering
571,Amble,Aidler,aaidlerfu@cmu.edu,Female,51,Accounting
572,Giffy,Gridon,ggridonfv@biblegateway.com,Female,49,Research and Development
573,Hermy,Mettetal,hmettetalfw@quantcast.com,Female,28,Training
574,Ralina,Henighan,rhenighanfx@4shared.com,Male,67,Training
575,Loralyn,Prime,lprimefy@g.co,Female,57,Sales
576,Gaelan,Filipputti,gfilipputtifz@people.com.cn,Female,60,Support
577,Mirabel,Sima,msimag0@weibo.com,Female,33,Support
578,Celia,Danilevich,cdanilevichg1@blogger.com,Female,35,Business Development
579,Jammie,Gregor,jgregorg2@mozilla.com,Male,60,Support
580,Rodrique,Newvell,rnewvellg3@cloudflare.com,Male,26,Support
581,Eleanora,Gieraths,egierathsg4@webnode.com,Male,54,Research and Development
582,Ulrica,Sandal,usandalg5@sciencedirect.com,Male,39,Engineering
583,Rafaellle,Button,rbuttong6@squarespace.com,Female,32,Engineering
584,Christi,Hattiff,chattiffg7@parallels.com,Male,46,Sales
585,Caralie,Limbert,climbertg8@google.de,Female,68,Research and Development
586,Tann,Ianelli,tianellig9@psu.edu,Male,50,Research and Development
587,Cindelyn,Clackers,cclackersga@jigsy.com,Female,31,Accounting
588,Graham,Titman,gtitmangb@hibu.com,Female,33,Legal
589,Gwynne,Battie,gbattiegc@samsung.com,Male,48,Training
590,Petronilla,Trounson,ptrounsongd@tuttocitta.it,Female,56,Business Development
591,Bobbie,Goodfield,bgoodfieldge@digg.com,Female,44,Product Management
592,Gasper,Roddam,groddamgf@creativecommons.org,Male,37,Legal
593,Maurene,Cantera,mcanteragg@biglobe.ne.jp,Female,52,Business Development
594,Candace,Glanester,cglanestergh@whitehouse.gov,Male,40,Support
595,Rosy,Kempster,rkempstergi@booking.com,Male,46,Support
596,Dulcy,Anderer,danderergj@vinaora.com,Female,36,Marketing
597,Ethan,Poundford,epoundfordgk@phoca.cz,Female,40,Legal
598,Pasquale,Humpherson,phumphersongl@amazon.co.uk,Male,61,Marketing
599,Siana,Palphramand,spalphramandgm@google.co.jp,Male,66,Marketing
600,Oona,Rolling,orollinggn@blogger.com,Female,33,Research and Development
601,Sibylle,Haskins,shaskinsgo@pen.io,Female,56,Legal
602,Myrta,Geroldi,mgeroldigp@nsw.gov.au,Female,23,Accounting
603,Doralia,Norwell,dnorwellgq@marriott.com,Male,48,Legal
604,Twyla,Shurmer,tshurmergr@nymag.com,Male,48,Legal
605,Russ,Helleckas,rhelleckasgs@amazon.co.jp,Female,66,Legal
606,Holden,Cockhill,hcockhillgt@va.gov,Female,52,Accounting
607,Elie,Joyson,ejoysongu@sbwire.com,Female,21,Training
608,Lorna,Lawden,llawdengv@si.edu,Female,64,Services
609,Marcus,McSpirron,mmcspirrongw@bloglovin.com,Male,21,Support
610,Bettine,O'Lehane,bolehanegx@moonfruit.com,Female,66,Support
611,Lorna,Dobbs,ldobbsgy@flavors.me,Female,70,Legal
612,Frances,Tellenbach,ftellenbachgz@reuters.com,Male,37,Human Resources
613,Jolie,Kydd,jkyddh0@nydailynews.com,Female,23,Engineering
614,Krissy,Crawforth,kcrawforthh1@example.com,Male,42,Services
615,Timoteo,Tilling,ttillingh2@scribd.com,Male,29,Support
616,Roze,Spaice,rspaiceh3@economist.com,Female,58,Research and Development
617,Cletis,Meuse,cmeuseh4@statcounter.com,Male,62,Services
618,Dale,Harrema,dharremah5@networkadvertising.org,Female,56,Human Resources
619,Sherm,Radborn,sradbornh6@java.com,Female,44,Services
620,Milty,Addey,maddeyh7@simplemachines.org,Male,33,Training
621,Amabelle,Svanini,asvaninih8@epa.gov,Female,66,Business Development
622,Obie,Scutchings,oscutchingsh9@imgur.com,Male,38,Human Resources
623,Susette,Comley,scomleyha@harvard.edu,Female,66,Marketing
624,Christi,Giacovelli,cgiacovellihb@washington.edu,Male,64,Engineering
625,Luigi,Escale,lescalehc@topsy.com,Female,44,Product Management
626,Yorgos,MacVagh,ymacvaghhd@yellowpages.com,Female,32,Accounting
627,Falkner,Absolem,fabsolemhe@bandcamp.com,Male,24,Training
628,Joletta,Woodroof,jwoodroofhf@symantec.com,Female,46,Sales
629,Duky,Faunt,dfaunthg@arizona.edu,Male,25,Marketing
630,Yanaton,McKitterick,ymckitterickhh@drupal.org,Male,52,Training
631,Brynna,Natalie,bnataliehi@auda.org.au,Male,70,Training
632,Cameron,Kowal,ckowalhj@icq.com,Male,37,Support
633,Noble,Londesborough,nlondesboroughhk@cbsnews.com,Male,21,Sales
634,Pyotr,Millery,pmilleryhl@wordpress.com,Female,36,Support
635,Georgiana,Bereford,gberefordhm@amazon.de,Female,37,Training
636,Nettle,Ungerer,nungererhn@ox.ac.uk,Male,21,Sales
637,Tiena,Gumary,tgumaryho@adobe.com,Male,70,Product Management
638,Stephie,Chiles,schileshp@smh.com.au,Male,42,Product Management
639,Hali,Tellenbach,htellenbachhq@narod.ru,Male,27,Product Management
640,Lisle,Goodlud,lgoodludhr@alibaba.com,Male,67,Engineering
641,Karalynn,Chasemoore,kchasemoorehs@fda.gov,Female,40,Support
642,Gerhardine,Savile,gsavileht@opensource.org,Female,29,Research and Development
643,Linn,Pill,lpillhu@utexas.edu,Female,67,Sales
644,Jasper,Ayto,jaytohv@nydailynews.com,Male,36,Legal
645,Lyssa,O'Gaven,logavenhw@europa.eu,Female,36,Engineering
646,Erskine,Girardoni,egirardonihx@dmoz.org,Female,47,Support
647,Andy,Kumaar,akumaarhy@canalblog.com,Female,59,Product Management
648,Sollie,Doylend,sdoylendhz@mapy.cz,Male,41,Services
649,Dore,Caddies,dcaddiesi0@techcrunch.com,Male,58,Services
650,Dody,Hartil,dhartili1@live.com,Female,67,Human Resources
651,Jacquie,Gurrado,jgurradoi2@tumblr.com,Female,63,Engineering
652,Sloan,Sholem,ssholemi3@booking.com,Male,50,Research and Development
653,Tedie,Kernaghan,tkernaghani4@soundcloud.com,Male,26,Support
654,Lynnette,Kail,lkaili5@wikispaces.com,Male,20,Product Management
655,Doug,Dimitriou,ddimitrioui6@redcross.org,Male,60,Sales
656,Meggy,MacLaig,mmaclaigi7@icio.us,Male,38,Engineering
657,Pace,Ludye,pludyei8@purevolume.com,Female,28,Sales
658,Dorena,Phair,dphairi9@csmonitor.com,Female,49,Sales
659,Sarene,Shapera,sshaperaia@joomla.org,Male,36,Accounting
660,Gerik,Birkenshaw,gbirkenshawib@spotify.com,Female,20,Product Management
661,Tybi,Denniss,tdennissic@tinyurl.com,Male,42,Marketing
662,Ketty,Charteris,kcharterisid@gov.uk,Male,22,Support
663,Leonidas,Pillifant,lpillifantie@t-online.de,Male,40,Product Management
664,Alfons,Mellon,amellonif@liveinternet.ru,Female,67,Engineering
665,Dickie,Vickers,dvickersig@nasa.gov,Male,41,Marketing
666,Abie,Semkins,asemkinsih@phpbb.com,Male,38,Research and Development
667,Aleda,Chasteau,achasteauii@harvard.edu,Male,56,Support
668,Nathalie,St Ledger,nstledgerij@arstechnica.com,Male,54,Support
669,Baldwin,Linnit,blinnitik@sun.com,Female,70,Human Resources
670,Elli,Eliff,eeliffil@va.gov,Male,62,Product Management
671,Cynthie,Baack,cbaackim@dmoz.org,Male,40,Accounting
672,Padgett,Hatherall,phatherallin@a8.net,Female,31,Engineering
673,Debby,Schrinel,dschrinelio@paginegialle.it,Female,36,Research and Development
674,Georgine,Vasishchev,gvasishchevip@freewebs.com,Male,44,Engineering
675,Kristi,Chiechio,kchiechioiq@163.com,Male,25,Services
676,Jobie,Quinby,jquinbyir@ted.com,Male,47,Accounting
677,Nickolaus,Cronk,ncronkis@com.com,Male,30,Legal
678,Anatola,Whimp,awhimpit@google.fr,Male,59,Legal
679,Ophelie,Longhorne,olonghorneiu@scientificamerican.com,Male,29,Product Management
680,Prince,Haugeh,phaugehiv@prnewswire.com,Female,56,Engineering
681,Fitzgerald,Gotecliffe,fgotecliffeiw@people.com.cn,Female,21,Engineering
682,Giacomo,Lambirth,glambirthix@usnews.com,Female,64,Marketing
683,Mandy,Sleep,msleepiy@zimbio.com,Male,70,Business Development
684,Ernaline,Barens,ebarensiz@berkeley.edu,Male,55,Accounting
685,Vickie,Gwilliam,vgwilliamj0@webmd.com,Female,26,Legal
686,Oliviero,Hufton,ohuftonj1@google.cn,Male,44,Training
687,Etan,Caze,ecazej2@google.ru,Male,26,Accounting
688,Hugibert,Mathivet,hmathivetj3@berkeley.edu,Male,44,Support
689,Lanni,Hun,lhunj4@scientificamerican.com,Male,57,Research and Development
690,Gabriella,Mirfield,gmirfieldj5@t-online.de,Male,63,Business Development
691,Eimile,Moger,emogerj6@ted.com,Male,51,Business Development
692,Saxon,Petracco,spetraccoj7@sourceforge.net,Male,19,Marketing
693,Willard,Deekes,wdeekesj8@usa.gov,Male,54,Services
694,Emerson,Risbrough,erisbroughj9@zdnet.com,Female,48,Training
695,Iosep,Coxon,icoxonja@instagram.com,Female,59,Support
696,Klarika,Tampling,ktamplingjb@uiuc.edu,Female,48,Sales
697,Rosette,Seeley,rseeleyjc@exblog.jp,Male,21,Research and Development
698,Erika,Ivell,eivelljd@free.fr,Male,69,Sales
699,Benedikta,Luker,blukerje@a8.net,Male,38,Services
700,Nadean,Croxford,ncroxfordjf@mashable.com,Male,25,Support
701,Arin,Sharpling,asharplingjg@ft.com,Female,18,Legal
702,Zedekiah,Melluish,zmelluishjh@delicious.com,Male,47,Marketing
703,Jedidiah,Robertis,jrobertisji@dailymail.co.uk,Male,29,Product Management
704,Delainey,Suller,dsullerjj@gnu.org,Male,33,Legal
705,Hale,Graser,hgraserjk@xing.com,Female,44,Support
706,Ansell,Groll,agrolljl@biblegateway.com,Male,35,Engineering
707,Rollie,McInility,rmcinilityjm@surveymonkey.com,Male,50,Research and Development
708,Raeann,Engeham,rengehamjn@examiner.com,Male,42,Engineering
709,Karoly,Lovie,kloviejo@123-reg.co.uk,Female,53,Research and Development
710,Othilie,Lansdale,olansdalejp@amazon.de,Male,55,Support
711,Quintilla,Bickers,qbickersjq@msn.com,Female,34,Human Resources
712,Floria,Hearse,fhearsejr@washingtonpost.com,Male,26,Support
713,Aura,Dudmarsh,adudmarshjs@shinystat.com,Female,28,Business Development
714,Penny,Ellams,pellamsjt@lycos.com,Male,18,Services
715,Ainsley,Du Fray,adufrayju@clickbank.net,Female,59,Research and Development
716,Hamilton,MacCaughan,hmaccaughanjv@theatlantic.com,Male,47,Research and Development
717,Gaspard,Ciccarello,gciccarellojw@whitehouse.gov,Female,46,Marketing
718,Lishe,Guilleton,lguilletonjx@mozilla.com,Female,40,Marketing
719,Donnajean,Aveyard,daveyardjy@google.co.jp,Male,46,Support
720,Simmonds,Quarrie,squarriejz@yolasite.com,Male,44,Engineering
721,Jeramey,Robroe,jrobroek0@wikia.com,Male,66,Training
722,Glenna,Pocklington,gpocklingtonk1@cnn.com,Female,42,Engineering
723,Ronni,McLeese,rmcleesek2@hugedomains.com,Female,70,Business Development
724,Davin,Woodrow,dwoodrowk3@abc.net.au,Female,46,Product Management
725,Carrissa,Punshon,cpunshonk4@wisc.edu,Female,21,Accounting
726,Christos,Norvill,cnorvillk5@yahoo.co.jp,Female,30,Services
727,Erv,Clitherow,eclitherowk6@nba.com,Male,52,Support
728,Archambault,Ridpath,aridpathk7@go.com,Male,18,Legal
729,Cornelle,Findley,cfindleyk8@boston.com,Male,68,Training
730,Georgina,Adlard,gadlardk9@booking.com,Female,29,Legal
731,Mathe,Bielefeld,mbielefeldka@boston.com,Female,58,Human Resources
732,Danny,Dumphries,ddumphrieskb@xrea.com,Male,60,Marketing
733,Kippar,Anten,kantenkc@tamu.edu,Female,36,Product Management
734,Darlene,Fieldgate,dfieldgatekd@xing.com,Female,57,Accounting
735,Alexandr,Lepere,alepereke@cargocollective.com,Female,52,Human Resources
736,Demetra,Adao,dadaokf@sakura.ne.jp,Male,29,Support
737,Davey,Obin,dobinkg@scientificamerican.com,Female,19,Legal
738,Joela,Drew,jdrewkh@bravesites.com,Female,38,Accounting
739,Leontyne,Melsome,lmelsomeki@cbslocal.com,Male,39,Sales
740,Paquito,Darracott,pdarracottkj@ovh.net,Male,66,Support
741,Cristie,Goad,cgoadkk@parallels.com,Male,30,Engineering
742,Jo,Beazer,jbeazerkl@macromedia.com,Female,64,Engineering
743,Maxy,Terrett,mterrettkm@wordpress.com,Female,34,Marketing
744,Alison,Prene,aprenekn@i2i.jp,Female,43,Product Management
745,Kevan,Lacy,klacyko@theguardian.com,Female,54,Product Management
746,Donna,Izon,dizonkp@dedecms.com,Male,48,Product Management
747,Babs,Lefort,blefortkq@simplemachines.org,Female,60,Human Resources
748,Casey,Crickmer,ccrickmerkr@narod.ru,Female,69,Marketing
749,Skippy,Havick,shavickks@youtu.be,Female,41,Accounting
750,Ealasaid,Cunrado,ecunradokt@nymag.com,Female,32,Engineering
751,Juliane,Corpe,jcorpeku@technorati.com,Male,21,Business Development
752,Gothart,Brabin,gbrabinkv@about.me,Female,61,Services
753,Juditha,Reynish,jreynishkw@odnoklassniki.ru,Female,57,Legal
754,Wendy,Joron,wjoronkx@harvard.edu,Female,33,Accounting
755,Morris,Topham,mtophamky@paginegialle.it,Female,55,Legal
756,Rebeka,Osborne,rosbornekz@ox.ac.uk,Male,29,Support
757,Annnora,Toll,atolll0@mashable.com,Male,25,Legal
758,Basilius,Hilland,bhillandl1@nps.gov,Female,34,Research and Development
759,Huntlee,Bitten,hbittenl2@squarespace.com,Male,48,Product Management
760,Winfield,Giovanetti,wgiovanettil3@spotify.com,Male,67,Legal
761,Georgy,Wogdon,gwogdonl4@ustream.tv,Male,21,Business Development
762,Murry,Swatridge,mswatridgel5@dell.com,Female,26,Business Development
763,Danila,Meadley,dmeadleyl6@live.com,Male,19,Research and Development
764,Nevil,Kirman,nkirmanl7@wufoo.com,Male,44,Research and Development
765,Foster,Lissandri,flissandril8@newsvine.com,Female,61,Training
766,Shaylyn,Caizley,scaizleyl9@wp.com,Male,66,Legal
767,Lion,Audas,laudasla@archive.org,Male,46,Support
768,Marchelle,Millam,mmillamlb@biglobe.ne.jp,Male,47,Engineering
769,Cyndi,Nowakowski,cnowakowskilc@java.com,Male,46,Business Development
770,Leesa,Crooke,lcrookeld@oracle.com,Female,22,Human Resources
771,Dougie,Leroy,dleroyle@list-manage.com,Female,51,Human Resources
772,Dyanna,Hadland,dhadlandlf@mac.com,Female,52,Research and Development
773,Clem,Guerola,cguerolalg@ucoz.ru,Female,24,Marketing
774,Padraic,Clitherow,pclitherowlh@msn.com,Female,45,Marketing
775,Jozef,Cush,jcushli@tinypic.com,Female,26,Services
776,Conrad,Conyers,cconyerslj@loc.gov,Female,33,Training
777,Abel,Marsden,amarsdenlk@mlb.com,Female,49,Marketing
778,Kelvin,Pucker,kpuckerll@theglobeandmail.com,Female,63,Support
779,Agosto,Kimbell,akimbelllm@go.com,Female,28,Sales
780,Roddy,Welford,rwelfordln@ucla.edu,Female,42,Accounting
781,Raye,Nornasell,rnornaselllo@jimdo.com,Male,68,Legal
782,Linus,Reckhouse,lreckhouselp@wordpress.com,Female,63,Training
783,Valentina,Baldin,vbaldinlq@google.com.br,Male,27,Product Management
784,Carolyne,Pill,cpilllr@tripod.com,Female,48,Product Management
785,Shem,Thomazet,sthomazetls@rambler.ru,Female,60,Accounting
786,Steward,Willmore,swillmorelt@unc.edu,Male,29,Business Development
787,Stacee,Ennew,sennewlu@stanford.edu,Male,18,Training
788,Derry,Wendover,dwendoverlv@timesonline.co.uk,Male,53,Marketing
789,Asia,Sergeant,asergeantlw@rambler.ru,Male,62,Support
790,Redford,Spilsbury,rspilsburylx@ftc.gov,Female,52,Training
791,Tildie,McCurtin,tmccurtinly@soup.io,Female,21,Training
792,Millard,Arntzen,marntzenlz@epa.gov,Male,26,Engineering
793,Janenna,Betho,jbethom0@myspace.com,Male,30,Marketing
794,Alicea,Bowater,abowaterm1@last.fm,Female,69,Marketing
795,Loydie,Joderli,ljoderlim2@moonfruit.com,Female,22,Sales
796,Clemmy,Cordobes,ccordobesm3@ted.com,Male,69,Product Management
797,Neilla,Hulk,nhulkm4@youtu.be,Male,35,Training
798,Johann,Trafford,jtraffordm5@tumblr.com,Male,56,Services
799,Carolann,Jameson,cjamesonm6@mozilla.com,Male,25,Services
800,Suki,Belamy,sbelamym7@blogs.com,Female,51,Research and Development
801,Noe,Puvia,npuviam8@themeforest.net,Male,47,Services
802,Sophia,Domelaw,sdomelawm9@shinystat.com,Female,64,Training
803,Nicky,Byres,nbyresma@zimbio.com,Female,31,Engineering
804,Roma,Baskerville,rbaskervillemb@si.edu,Male,43,Services
805,Rubia,Willmetts,rwillmettsmc@360.cn,Male,48,Accounting
806,Mack,Hollyer,mhollyermd@vistaprint.com,Female,45,Support
807,Lucille,Whitbread,lwhitbreadme@mashable.com,Female,41,Training
808,Tucker,Pirot,tpirotmf@facebook.com,Female,58,Product Management
809,Alyce,Hunting,ahuntingmg@prweb.com,Female,26,Legal
810,Paige,O'Kennavain,pokennavainmh@behance.net,Female,46,Research and Development
811,Mile,Cockcroft,mcockcroftmi@nifty.com,Female,44,Accounting
812,Danette,Goburn,dgoburnmj@tmall.com,Male,35,Product Management
813,Sanderson,Urch,surchmk@apple.com,Male,61,Legal
814,Tanya,Vinnick,tvinnickml@list-manage.com,Female,31,Product Management
815,Lockwood,Larrat,llarratmm@businesswire.com,Female,65,Engineering
816,Becka,Yakebovich,byakebovichmn@addtoany.com,Male,37,Human Resources
817,Killie,Lytle,klytlemo@alexa.com,Female,41,Sales
818,Tripp,Holdforth,tholdforthmp@ft.com,Male,63,Research and Development
819,Royce,Housden,rhousdenmq@ucoz.com,Male,60,Product Management
820,Helli,Lesly,hleslymr@hhs.gov,Female,41,Research and Development
821,Beck,Crohan,bcrohanms@storify.com,Male,65,Training
822,Gardiner,Elstone,gelstonemt@si.edu,Female,68,Marketing
823,Jewel,Dutch,jdutchmu@virginia.edu,Female,48,Sales
824,Harlin,Coultard,hcoultardmv@livejournal.com,Male,51,Legal
825,Kellby,Ambrose,kambrosemw@nasa.gov,Female,33,Sales
826,Freddy,Isaksen,fisaksenmx@salon.com,Male,47,Business Development
827,Westbrook,Gladdis,wgladdismy@whitehouse.gov,Male,53,Services
828,Gustie,Livoir,glivoirmz@berkeley.edu,Female,55,Research and Development
829,Phyllys,Giacobelli,pgiacobellin0@wikispaces.com,Male,69,Business Development
830,Thea,Steers,tsteersn1@exblog.jp,Female,46,Product Management
831,Godard,Balint,gbalintn2@prnewswire.com,Female,36,Research and Development
832,Verena,Jery,vjeryn3@google.com.au,Female,64,Legal
833,Kelsy,Hawe,khawen4@about.com,Male,38,Engineering
834,Rubi,Rowthorne,rrowthornen5@chronoengine.com,Female,40,Support
835,Paulina,Huster,phustern6@wikia.com,Female,61,Sales
836,Francesca,Croley,fcroleyn7@mail.ru,Female,43,Product Management
837,Caryl,Peploe,cpeploen8@senate.gov,Female,63,Human Resources
838,Dorette,Conlaund,dconlaundn9@hexun.com,Female,20,Accounting
839,Peyton,Stonier,pstonierna@prweb.com,Female,62,Sales
840,Ariel,Sibery,asiberynb@home.pl,Male,26,Sales
841,Cassandry,Van Ross,cvanrossnc@wisc.edu,Female,44,Product Management
842,Levey,Elliott,lelliottnd@tamu.edu,Female,34,Business Development
843,Marietta,Vertigan,mvertiganne@cbc.ca,Male,54,Marketing
844,Emalia,Studdeard,estuddeardnf@cbc.ca,Male,42,Support
845,Onfre,Gatehouse,ogatehouseng@parallels.com,Female,30,Research and Development
846,Gwendolen,Bowering,gboweringnh@psu.edu,Female,39,Training
847,Ladonna,Pittoli,lpittolini@tuttocitta.it,Female,63,Support
848,Glenden,Densham,gdenshamnj@cnet.com,Male,49,Product Management
849,Gherardo,Patten,gpattennk@squarespace.com,Female,61,Training
850,Hy,Werndley,hwerndleynl@woothemes.com,Female,70,Human Resources
851,Blanch,Discombe,bdiscombenm@nps.gov,Male,43,Support
852,Guenna,Ramsell,gramsellnn@huffingtonpost.com,Male,36,Engineering
853,Curcio,Edds,ceddsno@dagondesign.com,Male,62,Product Management
854,Milli,Cains,mcainsnp@ameblo.jp,Male,58,Human Resources
855,Josi,Narramor,jnarramornq@home.pl,Male,18,Sales
856,Anastasie,Mawby,amawbynr@shop-pro.jp,Male,61,Sales
857,Wilbur,Hrycek,whrycekns@ibm.com,Female,43,Human Resources
858,Dita,Chittleburgh,dchittleburghnt@csmonitor.com,Male,34,Sales
859,Reade,Strethill,rstrethillnu@technorati.com,Male,56,Services
860,Simonette,Triggs,striggsnv@ibm.com,Female,21,Product Management
861,Moshe,Perfect,mperfectnw@flavors.me,Male,30,Support
862,Blondy,Warboy,bwarboynx@google.fr,Female,50,Accounting
863,Raine,Beinke,rbeinkeny@pbs.org,Male,70,Engineering
864,Adele,Eggers,aeggersnz@jimdo.com,Male,62,Legal
865,King,Matchett,kmatchetto0@deliciousdays.com,Male,44,Marketing
866,Martie,Mobbs,mmobbso1@uol.com.br,Male,62,Human Resources
867,Cart,Relf,crelfo2@typepad.com,Male,35,Research and Development
868,Calley,Brangan,cbrangano3@cbsnews.com,Female,40,Business Development
869,Engracia,Hopewell,ehopewello4@columbia.edu,Female,19,Sales
870,Alameda,Adami,aadamio5@scribd.com,Female,46,Research and Development
871,Winnah,Mickan,wmickano6@gmpg.org,Female,39,Engineering
872,Ty,Such,tsucho7@google.ca,Male,38,Legal
873,Aida,MacRierie,amacrierieo8@newsvine.com,Male,38,Business Development
874,Nola,Stowell,nstowello9@histats.com,Female,25,Research and Development
875,Madlin,Scullard,mscullardoa@utexas.edu,Female,25,Business Development
876,Tootsie,Shuter,tshuterob@admin.ch,Female,43,Marketing
877,Henka,Haskur,hhaskuroc@cargocollective.com,Male,63,Training
878,Kissiah,Banasevich,kbanasevichod@samsung.com,Male,42,Human Resources
879,Verina,Thomas,vthomasoe@nba.com,Female,62,Marketing
880,Normy,Muehle,nmuehleof@zimbio.com,Male,69,Sales
881,Rosalinda,Camilio,rcamilioog@berkeley.edu,Male,59,Services
882,Jeanna,Duddell,jduddelloh@goo.ne.jp,Male,66,Marketing
883,Cecilla,Leech,cleechoi@people.com.cn,Male,23,Engineering
884,Fiona,Welbourn,fwelbournoj@amazon.co.uk,Male,43,Services
885,Bunni,Balam,bbalamok@cbc.ca,Female,24,Legal
886,Vernen,Gostling,vgostlingol@themeforest.net,Female,33,Accounting
887,Susanne,Wayland,swaylandom@amazon.co.jp,Female,33,Support
888,Rafaela,Collumbell,rcollumbellon@yellowpages.com,Male,39,Support
889,Thorvald,Folli,tfollioo@sun.com,Female,24,Accounting
890,Miguela,Jillins,mjillinsop@ebay.co.uk,Female,25,Training
891,Beale,Grocott,bgrocottoq@360.cn,Male,54,Services
892,Jessalyn,Faithfull,jfaithfullor@vinaora.com,Female,24,Research and Development
893,Caye,Loren,clorenos@theguardian.com,Male,41,Product Management
894,Joella,Setterthwait,jsetterthwaitot@sitemeter.com,Female,44,Training
895,Ash,Ginnane,aginnaneou@wiley.com,Female,64,Business Development
896,Howard,Cottee,hcotteeov@cbsnews.com,Female,32,Product Management
897,Annalee,Daulton,adaultonow@arstechnica.com,Female,69,Engineering
898,Constancia,Plows,cplowsox@senate.gov,Female,23,Research and Development
899,Addie,McClenan,amcclenanoy@examiner.com,Female,53,Legal
900,Inger,Siddon,isiddonoz@nymag.com,Male,65,Business Development
901,Ely,Cunde,ecundep0@mayoclinic.com,Male,38,Accounting
902,Aundrea,Roubert,aroubertp1@webs.com,Female,48,Services
903,Lizbeth,Sibbald,lsibbaldp2@amazon.co.uk,Female,23,Business Development
904,Goran,Josifovitz,gjosifovitzp3@intel.com,Male,19,Human Resources
905,Fan,Passo,fpassop4@mediafire.com,Male,19,Engineering
906,Rozella,Glaserman,rglasermanp5@deviantart.com,Male,63,Product Management
907,Karlee,Skeath,kskeathp6@sbwire.com,Male,43,Services
908,Jeramie,Barniss,jbarnissp7@microsoft.com,Male,55,Business Development
909,Willette,Oleszczak,woleszczakp8@pinterest.com,Male,31,Business Development
910,Phineas,Dudill,pdudillp9@google.ru,Male,63,Legal
911,Sarita,Ricketts,srickettspa@topsy.com,Male,51,Product Management
912,Cobbie,Pudney,cpudneypb@ezinearticles.com,Female,40,Legal
913,Moe,McGrale,mmcgralepc@pagesperso-orange.fr,Female,56,Product Management
914,Myron,Ponting,mpontingpd@webmd.com,Male,68,Support
915,Rahel,Pane,rpanepe@squidoo.com,Female,43,Accounting
916,Constantine,Aulds,cauldspf@de.vu,Male,40,Accounting
917,Vivian,Hambribe,vhambribepg@scribd.com,Male,49,Training
918,Brien,Dur,bdurph@purevolume.com,Male,65,Human Resources
919,Phillida,Nowick,pnowickpi@umn.edu,Female,34,Accounting
920,Job,Tarply,jtarplypj@census.gov,Male,35,Services
921,Urson,Rubinek,urubinekpk@biblegateway.com,Female,41,Legal
922,Uriel,Bumpus,ubumpuspl@apple.com,Male,53,Services
923,Robers,Sallinger,rsallingerpm@disqus.com,Male,51,Legal
924,Karlene,Dutch,kdutchpn@alexa.com,Male,44,Engineering
925,Nickolaus,Audrey,naudreypo@arstechnica.com,Female,28,Research and Development
926,Joceline,Shearston,jshearstonpp@businessinsider.com,Female,56,Services
927,Serge,Gallienne,sgalliennepq@desdev.cn,Male,63,Support
928,Harold,Lindell,hlindellpr@europa.eu,Female,62,Training
929,Chevalier,Renad,crenadps@joomla.org,Female,70,Support
930,Tadeo,Coltart,tcoltartpt@hao123.com,Male,57,Legal
931,Kennett,Bourne,kbournepu@homestead.com,Male,19,Marketing
932,Anna-diana,Gosling,agoslingpv@icio.us,Female,37,Training
933,Kaycee,Ivers,kiverspw@squarespace.com,Female,62,Support
934,Tildi,Cheston,tchestonpx@feedburner.com,Female,26,Business Development
935,Everard,Moakes,emoakespy@who.int,Male,28,Accounting
936,Adamo,Goodredge,agoodredgepz@vinaora.com,Male,29,Marketing
937,Sheffield,Loadsman,sloadsmanq0@rakuten.co.jp,Male,68,Services
938,Karia,Lethcoe,klethcoeq1@delicious.com,Male,62,Accounting
939,Pierson,Leversha,plevershaq2@unblog.fr,Female,18,Training
940,Friederike,Weatherby,fweatherbyq3@ameblo.jp,Female,20,Human Resources
941,Winfred,Fairfull,wfairfullq4@nature.com,Female,30,Engineering
942,Wilhelmine,Syres,wsyresq5@t-online.de,Male,28,Engineering
943,Kitty,Winscomb,kwinscombq6@comcast.net,Male,23,Services
944,Norry,Tomasino,ntomasinoq7@chronoengine.com,Female,36,Accounting
945,Chet,Brown,cbrownq8@devhub.com,Female,44,Product Management
946,Toddie,Mattusov,tmattusovq9@marketwatch.com,Male,26,Sales
947,Annamaria,Paaso,apaasoqa@comcast.net,Male,24,Business Development
948,Gwenora,Perrelle,gperrelleqb@simplemachines.org,Male,65,Marketing
949,Veronica,Clouter,vclouterqc@vk.com,Female,66,Training
950,Lay,MacKill,lmackillqd@dmoz.org,Female,32,Marketing
951,Fernando,Harnett,fharnettqe@vkontakte.ru,Male,26,Human Resources
952,Hillier,Solomonides,hsolomonidesqf@narod.ru,Male,23,Product Management
953,Richmond,Lamas,rlamasqg@howstuffworks.com,Male,67,Research and Development
954,Twila,Wyldes,twyldesqh@goo.gl,Male,26,Legal
955,Giff,Mayworth,gmayworthqi@youtube.com,Female,32,Support
956,Boone,Sinnock,bsinnockqj@ifeng.com,Male,35,Product Management
957,Stefanie,Van der Daal,svanderdaalqk@sciencedirect.com,Male,26,Legal
958,Sid,Lander,slanderql@dailymail.co.uk,Female,36,Research and Development
959,Laney,Olyet,lolyetqm@mlb.com,Male,33,Accounting
960,Lydie,Fleay,lfleayqn@hugedomains.com,Female,30,Support
961,Rita,Eisikovitsh,reisikovitshqo@pagesperso-orange.fr,Female,24,Research and Development
962,Gerome,St. John,gstjohnqp@quantcast.com,Female,37,Business Development
963,Tiffy,Cregan,tcreganqq@mozilla.org,Female,42,Business Development
964,Antonetta,Roullier,aroullierqr@hc360.com,Female,66,Marketing
965,Rozele,Scotford,rscotfordqs@cloudflare.com,Female,34,Legal
966,Page,Meekins,pmeekinsqt@yelp.com,Female,19,Business Development
967,Nell,Epp,neppqu@wikimedia.org,Female,18,Training
968,Mikael,Bidder,mbidderqv@state.tx.us,Female,44,Legal
969,Hannie,Pettwood,hpettwoodqw@elpais.com,Female,63,Engineering
970,Ignace,Hurdis,ihurdisqx@amazon.co.uk,Male,18,Accounting
971,Berti,Cordelet,bcordeletqy@accuweather.com,Male,29,Human Resources
972,Flemming,Attkins,fattkinsqz@fc2.com,Male,40,Marketing
973,Roby,Redish,rredishr0@independent.co.uk,Male,25,Training
974,Adel,Dobrowlski,adobrowlskir1@photobucket.com,Male,70,Business Development
975,Ingar,Lelliott,ilelliottr2@shareasale.com,Female,27,Product Management
976,Lela,Cettell,lcettellr3@wix.com,Male,60,Support
977,Perrine,Grzegorek,pgrzegorekr4@naver.com,Female,55,Research and Development
978,Verene,de Almeida,vdealmeidar5@washington.edu,Male,46,Marketing
979,Christiano,Pandey,cpandeyr6@ucla.edu,Female,58,Product Management
980,Bride,Heers,bheersr7@jigsy.com,Male,36,Support
981,Wakefield,Key,wkeyr8@yahoo.co.jp,Female,42,Research and Development
982,Bradney,Svanini,bsvaninir9@nsw.gov.au,Female,68,Training
983,Jessalyn,Candey,jcandeyra@time.com,Male,60,Engineering
984,Davin,Kullmann,dkullmannrb@vk.com,Female,33,Accounting
985,Rex,Lantoph,rlantophrc@nps.gov,Female,40,Business Development
986,Elroy,Chsteney,echsteneyrd@instagram.com,Female,38,Sales
987,Anton,Dowdell,adowdellre@mediafire.com,Male,37,Human Resources
988,Maud,Ludovici,mludovicirf@devhub.com,Female,68,Research and Development
989,Mirella,Knowlys,mknowlysrg@mediafire.com,Male,30,Support
990,Nadine,Christal,nchristalrh@ebay.com,Female,57,Services
991,Vivianna,Meriguet,vmeriguetri@skyrock.com,Female,52,Business Development
992,Drusie,Nannizzi,dnannizzirj@homestead.com,Female,28,Engineering
993,Neila,Ranscomb,nranscombrk@sphinn.com,Female,21,Marketing
994,Deidre,Ciobutaro,dciobutarorl@arstechnica.com,Female,23,Business Development
995,Conney,Closs,cclossrm@reuters.com,Female,61,Services
996,Johnnie,Tollmache,jtollmachern@msu.edu,Female,32,Services
997,Eddy,Abrahmer,eabrahmerro@jiathis.com,Male,53,Legal
998,Dominik,Ellett,dellettrp@reddit.com,Female,63,Research and Development
999,Margret,Runnicles,mrunniclesrq@e-recht24.de,Female,53,Business Development
1000,Lucias,Phillipps,lphillippsrr@ocn.ne.jp,Male,26,Engineering
